path,subtree,ext,bytes,loc,sha256,module,parse_ok,top_level_symbols,n_wall_clock,n_broad_except,n_dict_get_default,n_todo,n_random_call,n_broker_or_order,n_tradeable_flag,n_confidence_sizing,n_secret_like,n_float_price_eq,n_golden_ratio,n_network_call,classification,classification_basis,import_result,import_error
QuantumEdge/.vscode/launch.json,QuantumEdge,.json,470,20,548aae79e7c52b01d21ce03c2843a352770e7c7a0562e8bd4e588f5d50bf499a,,,0,0,0,0,0,0,0,0,0,0,0,0,0,SCAFFOLD,config/editor json,,
QuantumEdge/.vscode/settings.json,QuantumEdge,.json,159,4,300bc298d29aa016e7a82aed1e31f72838b8d03749388ac92e6625460cbeefe5,,,0,0,0,0,0,0,0,0,0,0,0,0,0,SCAFFOLD,config/editor json,,
QuantumEdge/algorithm/__init__.py,QuantumEdge,.py,0,0,e3b0c44298fc1c149afbf4c8996fb92427ae41e4649b934ca495991b7852b855,algorithm,True,0,0,0,0,0,0,0,0,0,0,0,0,0,SCAFFOLD,package marker,OK,
QuantumEdge/algorithm/config.py,QuantumEdge,.py,7943,195,37ff90d296fffedf3cc5717fb89511b6e85ebfea0b7f9b571f1771c1087ec3ff,algorithm.config,True,2,0,0,0,0,0,0,0,0,0,0,0,0,IMPLEMENTED_UNVERIFIED,python source; runtime status merged from import sweep,OK,
QuantumEdge/backtest_standalone.py,QuantumEdge,.py,14805,319,75a09cd11b0449509d11a1c9ebee484ea24930c6a7958b7eceb3acfd8da6b445,backtest_standalone,True,2,0,0,0,0,0,0,0,0,0,0,0,2,EXPERIMENTAL,research/backtest code; no reproducible manifest verified yet,SKIPPED_UNGUARDED_SCRIPT,
QuantumEdge/config.json,QuantumEdge,.json,84,5,343c8783e1afc66aa8c7b168d788ca2da5787e9e2f19feabffe058c93852050e,,,0,0,0,0,0,0,0,0,0,0,0,0,0,SCAFFOLD,config/editor json,,
QuantumEdge/data/__init__.py,QuantumEdge,.py,0,0,e3b0c44298fc1c149afbf4c8996fb92427ae41e4649b934ca495991b7852b855,data,True,0,0,0,0,0,0,0,0,0,0,0,0,0,SCAFFOLD,package marker,OK,
QuantumEdge/data/universe.py,QuantumEdge,.py,4182,115,b36d2d230121d6599b342b9f0478a4033732df6bd41008b78aa5bc03478c8527,data.universe,True,1,0,0,0,0,0,0,0,0,0,0,0,0,PROTOTYPE,does not import in pinned env: ModuleNotFoundError: No module named 'AlgorithmImports',IMPORT_ERROR,ModuleNotFoundError: No module named 'AlgorithmImports'
QuantumEdge/data/validator.py,QuantumEdge,.py,6580,188,82c3ee98d668b62ef81751d5fa6d3602fed4a0eba403fc52a67003e593e637c3,data.validator,True,3,0,1,0,0,0,0,0,0,0,0,0,0,PROTOTYPE,does not import in pinned env: ModuleNotFoundError: No module named 'AlgorithmImports',IMPORT_ERROR,ModuleNotFoundError: No module named 'AlgorithmImports'
QuantumEdge/generate_lean_data.py,QuantumEdge,.py,3625,96,ec43ef0db0eadc9740cdb9b7ca8bc783ae7f6950ecee5f5b0b40b670c70af765,generate_lean_data,True,0,0,0,0,0,0,0,0,0,0,0,0,4,EXPERIMENTAL,research/backtest code; no reproducible manifest verified yet,SKIPPED_UNGUARDED_SCRIPT,
QuantumEdge/log.txt,QuantumEdge,.txt,205,2,23518369aaf7bec1258eddc563592118e562b7fee914b4bbda4c13306f6c99e0,,,0,0,0,0,0,0,0,0,0,0,0,0,0,EXPERIMENTAL,"research run output/log artifact (evidence of past runs, not code)",,
QuantumEdge/main.py,QuantumEdge,.py,11839,260,9d85f344a7548223947792b15ffcffbd276a40e3914591f3cfa2e09c178b4412,main,True,1,0,0,0,0,0,1,0,0,0,1,0,0,IMPLEMENTED_UNVERIFIED,python source; runtime status merged from import sweep,SKIPPED_UNGUARDED_SCRIPT,
QuantumEdge/output/experiments/ablation_ibs_added_2026-04-19T14-29-35Z.json,QuantumEdge,.json,764,27,dbc7e26d92f5ea8e8077ed486f8cc7b7196a799e3899a504f1da6dfd971a02f3,,,0,0,0,0,0,0,0,0,0,0,0,0,0,EXPERIMENTAL,"research run output/log artifact (evidence of past runs, not code)",,
QuantumEdge/output/experiments/ablation_no_letf_2026-04-19T14-15-05Z.json,QuantumEdge,.json,751,27,4c813eda147ad8ecef441052a3f2c069302a445aca8825fe7c424b7c2e9be2be,,,0,0,0,0,0,0,0,0,0,0,0,0,0,EXPERIMENTAL,"research run output/log artifact (evidence of past runs, not code)",,
QuantumEdge/output/experiments/ablation_no_letf_2026-04-19T14-17-51Z.json,QuantumEdge,.json,751,27,5d0a0c1e0f158c459a8be201fe8a7271dc853a0764da9c5ff86fa6bb83abe2d4,,,0,0,0,0,0,0,0,0,0,0,0,0,0,EXPERIMENTAL,"research run output/log artifact (evidence of past runs, not code)",,
QuantumEdge/output/experiments/ablation_no_letf_2026-04-19T14-28-24Z.json,QuantumEdge,.json,766,27,7e10648c99a9d5ba72f80ce29c9d27d52924e8bc94798fb96c07b8cf5515d1df,,,0,0,0,0,0,0,0,0,0,0,0,0,0,EXPERIMENTAL,"research run output/log artifact (evidence of past runs, not code)",,
QuantumEdge/output/experiments/ablation_no_regime_filter_2026-04-19T14-14-54Z.json,QuantumEdge,.json,760,27,d4bb4e9a69b4d7a745ef3615dcaacb9a0f25deb5d30147e17a161ea6064ee1ca,,,0,0,0,0,0,0,0,0,0,0,0,0,0,EXPERIMENTAL,"research run output/log artifact (evidence of past runs, not code)",,
QuantumEdge/output/experiments/ablation_no_regime_filter_2026-04-19T14-17-40Z.json,QuantumEdge,.json,760,27,da4e39741a990b168497ee22b19730e11a16522b75e429a3f2bf66119b67813f,,,0,0,0,0,0,0,0,0,0,0,0,0,0,EXPERIMENTAL,"research run output/log artifact (evidence of past runs, not code)",,
QuantumEdge/output/experiments/ablation_no_regime_filter_2026-04-19T14-27-21Z.json,QuantumEdge,.json,773,27,6b9d37f2202855a9becd13aedfd0f2b52ac7d62a5ae8a7669cda6207276a7b07,,,0,0,0,0,0,0,0,0,0,0,0,0,0,EXPERIMENTAL,"research run output/log artifact (evidence of past runs, not code)",,
QuantumEdge/output/experiments/ablation_no_value_tilt_2026-04-19T14-15-11Z.json,QuantumEdge,.json,757,27,9fd21cdd97ede60c82c0307cf171825db4880f70ae1272ef07c987af3fa292a7,,,0,0,0,0,0,0,0,0,0,0,0,0,0,EXPERIMENTAL,"research run output/log artifact (evidence of past runs, not code)",,
QuantumEdge/output/experiments/ablation_no_value_tilt_2026-04-19T14-28-48Z.json,QuantumEdge,.json,770,27,e379437239c11b03a9204176d89dbf645151763489b68ac2d3c6fff5eed67d46,,,0,0,0,0,0,0,0,0,0,0,0,0,0,EXPERIMENTAL,"research run output/log artifact (evidence of past runs, not code)",,
QuantumEdge/output/experiments/ablation_spy_only_regime_2026-04-19T14-14-59Z.json,QuantumEdge,.json,759,27,f75b458245d6a026308d59b193f7d4bc3998b8f06a74922577b0330ae78d240a,,,0,0,0,0,0,0,0,0,0,0,0,0,0,EXPERIMENTAL,"research run output/log artifact (evidence of past runs, not code)",,
QuantumEdge/output/experiments/ablation_spy_only_regime_2026-04-19T14-17-45Z.json,QuantumEdge,.json,759,27,a25151b262ec657f8662df9cd8737dd5af7b177a71b8073b21138ac794f17b0c,,,0,0,0,0,0,0,0,0,0,0,0,0,0,EXPERIMENTAL,"research run output/log artifact (evidence of past runs, not code)",,
QuantumEdge/output/experiments/ablation_spy_only_regime_2026-04-19T14-27-57Z.json,QuantumEdge,.json,770,27,50b3b5686ceaa7db53ffefca670ad635285f402ea3b98ccdb67e4a0d0d0071cd,,,0,0,0,0,0,0,0,0,0,0,0,0,0,EXPERIMENTAL,"research run output/log artifact (evidence of past runs, not code)",,
QuantumEdge/output/experiments/alloc_100_sectors_2026-04-19T14-15-17Z.json,QuantumEdge,.json,753,27,6789bcf4915963b5e9ba95f603776a91a8d95caedc1f35278e7ea065f11e6395,,,0,0,0,0,0,0,0,0,0,0,0,0,0,EXPERIMENTAL,"research run output/log artifact (evidence of past runs, not code)",,
QuantumEdge/output/experiments/alloc_100_sectors_2026-04-19T14-17-57Z.json,QuantumEdge,.json,753,27,2d17850e121a68303a89f5c79b4ada1aabfbc1ffabe070ae98cd4c4206a9d5c4,,,0,0,0,0,0,0,0,0,0,0,0,0,0,EXPERIMENTAL,"research run output/log artifact (evidence of past runs, not code)",,
QuantumEdge/output/experiments/alloc_100_sectors_2026-04-19T14-33-12Z.json,QuantumEdge,.json,766,27,d51333f481c32baeccfe3ccb36dafc3db11b73448009b2e625e037166966431c,,,0,0,0,0,0,0,0,0,0,0,0,0,0,EXPERIMENTAL,"research run output/log artifact (evidence of past runs, not code)",,
QuantumEdge/output/experiments/alloc_60_40_2026-04-19T14-30-33Z.json,QuantumEdge,.json,759,27,97af53fc6b8744e1671987446ca367e0ef993bcedddca2f1d510970947b99698,,,0,0,0,0,0,0,0,0,0,0,0,0,0,EXPERIMENTAL,"research run output/log artifact (evidence of past runs, not code)",,
QuantumEdge/output/experiments/alloc_80_20_2026-04-19T14-32-11Z.json,QuantumEdge,.json,759,27,ef96ede65d26e771d708124ef9a37442bc72993b10849abe7ab0cf5349daf164,,,0,0,0,0,0,0,0,0,0,0,0,0,0,EXPERIMENTAL,"research run output/log artifact (evidence of past runs, not code)",,
QuantumEdge/output/experiments/baseline_a_plus_c_2026-04-19T14-14-36Z.json,QuantumEdge,.json,751,27,503817fe59641dbc7c149637882edcc07af021a86e5266809f681ce7e1617a92,,,0,0,0,0,0,0,0,0,0,0,0,0,0,EXPERIMENTAL,"research run output/log artifact (evidence of past runs, not code)",,
QuantumEdge/output/experiments/baseline_a_plus_c_2026-04-19T14-17-25Z.json,QuantumEdge,.json,751,27,fb517d30cd4d1cf4b6869f734209d7c449939798dacff215c32c964a80097f10,,,0,0,0,0,0,0,0,0,0,0,0,0,0,EXPERIMENTAL,"research run output/log artifact (evidence of past runs, not code)",,
QuantumEdge/output/experiments/baseline_a_plus_c_2026-04-19T14-22-19Z.json,QuantumEdge,.json,748,27,30c66c0380f8477f058fa769b0ff5129b608edb0aff5134071987a88d41be12c,,,0,0,0,0,0,0,0,0,0,0,0,0,0,EXPERIMENTAL,"research run output/log artifact (evidence of past runs, not code)",,
QuantumEdge/output/experiments/baseline_a_plus_c_2026-04-19T14-25-54Z.json,QuantumEdge,.json,765,27,f15427477f7afb1c806cf7a420fbae078963fb2ef6119018a5978ed4c3792ee0,,,0,0,0,0,0,0,0,0,0,0,0,0,0,EXPERIMENTAL,"research run output/log artifact (evidence of past runs, not code)",,
QuantumEdge/output/experiments/baseline_current_best_2026-04-19T14-52-15Z.json,QuantumEdge,.json,792,27,05a0c68fcab0b8cc945f22aaab523d15e77fc1bba56466994394f078e845d7a1,,,0,0,0,0,0,0,0,0,0,0,0,0,0,EXPERIMENTAL,"research run output/log artifact (evidence of past runs, not code)",,
QuantumEdge/output/experiments/baseline_full_2026-04-19T14-42-07Z.json,QuantumEdge,.json,784,27,9a6695ccc724428678eb9ab4a7a0282ace8dc1a2e912eed494d95903216e6436,,,0,0,0,0,0,0,0,0,0,0,0,0,0,EXPERIMENTAL,"research run output/log artifact (evidence of past runs, not code)",,
QuantumEdge/output/experiments/baseline_ibs_only_2026-04-19T14-14-49Z.json,QuantumEdge,.json,752,27,3f989ffadf6f401621d5eb3f0a2bca48e0d3290beb4e7ebcb62b7ebfdb172241,,,0,0,0,0,0,0,0,0,0,0,0,0,0,EXPERIMENTAL,"research run output/log artifact (evidence of past runs, not code)",,
QuantumEdge/output/experiments/baseline_ibs_only_2026-04-19T14-17-35Z.json,QuantumEdge,.json,752,27,aa294185e56763a648912b766404efb4528c3d7f5384ff07bc225a83feb22fe1,,,0,0,0,0,0,0,0,0,0,0,0,0,0,EXPERIMENTAL,"research run output/log artifact (evidence of past runs, not code)",,
QuantumEdge/output/experiments/baseline_ibs_only_2026-04-19T14-26-38Z.json,QuantumEdge,.json,766,27,5a4d0db660b0db655bcba533cf0fa21f1451e0a3fcb8630d8b0c077a6cffb59a,,,0,0,0,0,0,0,0,0,0,0,0,0,0,EXPERIMENTAL,"research run output/log artifact (evidence of past runs, not code)",,
QuantumEdge/output/experiments/baseline_sectors_only_2026-04-19T14-14-43Z.json,QuantumEdge,.json,756,27,d0aa28b2e05ee4e833248d29f0e6f31a1810d1b7844e7a460ecb475c6ba0db1f,,,0,0,0,0,0,0,0,0,0,0,0,0,0,EXPERIMENTAL,"research run output/log artifact (evidence of past runs, not code)",,
QuantumEdge/output/experiments/baseline_sectors_only_2026-04-19T14-17-30Z.json,QuantumEdge,.json,756,27,0b6edf87148e7c550cdfb608224844a01678a1e018191f6f27d9bf3eb43eff5b,,,0,0,0,0,0,0,0,0,0,0,0,0,0,EXPERIMENTAL,"research run output/log artifact (evidence of past runs, not code)",,
QuantumEdge/output/experiments/baseline_sectors_only_2026-04-19T14-26-15Z.json,QuantumEdge,.json,770,27,737752f4c091f1ccce8316e377459ebc1bc00ffd2ab7eba0cd1c468852018072,,,0,0,0,0,0,0,0,0,0,0,0,0,0,EXPERIMENTAL,"research run output/log artifact (evidence of past runs, not code)",,
QuantumEdge/output/experiments/letf_0_2026-04-19T14-53-51Z.json,QuantumEdge,.json,781,27,46b7f80c13bd36ee420ee62b595c03c25f45dc532200ce0ad1c691194b0574f1,,,0,0,0,0,0,0,0,0,0,0,0,0,0,EXPERIMENTAL,"research run output/log artifact (evidence of past runs, not code)",,
QuantumEdge/output/experiments/letf_10_2026-04-19T15-13-51Z.json,QuantumEdge,.json,783,27,cf301bcb36cc8ece9eb2db63359ebd3c6642b8947b2e1ecf57acae9e9f824aa8,,,0,0,0,0,0,0,0,0,0,0,0,0,0,EXPERIMENTAL,"research run output/log artifact (evidence of past runs, not code)",,
QuantumEdge/output/experiments/letf_2p5_2026-04-19T14-54-23Z.json,QuantumEdge,.json,783,27,2958220f9088824f580bcb40a469b5ad2750a922ddc4ab4d3c0798b6261a2592,,,0,0,0,0,0,0,0,0,0,0,0,0,0,EXPERIMENTAL,"research run output/log artifact (evidence of past runs, not code)",,
QuantumEdge/output/experiments/letf_7p5_2026-04-19T14-54-59Z.json,QuantumEdge,.json,782,27,ad2f6fcd46afe4d8fbe2aeea62776eab01f370cc1c90e745f281463fe9dc9e47,,,0,0,0,0,0,0,0,0,0,0,0,0,0,EXPERIMENTAL,"research run output/log artifact (evidence of past runs, not code)",,
QuantumEdge/output/experiments/p5_top5_weekly_no_alloc_2026-04-19T14-53-24Z.json,QuantumEdge,.json,797,27,255b5c98358212064be21aeecf9aac4fd4cc462ac2e3cd6a7458b62043642f7b,,,0,0,0,0,0,0,0,0,0,0,0,0,0,EXPERIMENTAL,"research run output/log artifact (evidence of past runs, not code)",,
QuantumEdge/output/experiments/param_mom_12m_2026-04-19T14-40-09Z.json,QuantumEdge,.json,760,27,f811b5c06804d0c21752ae9a7bcd00c5aa8e11a09365e8e237ba6be841dfb703,,,0,0,0,0,0,0,0,0,0,0,0,0,0,EXPERIMENTAL,"research run output/log artifact (evidence of past runs, not code)",,
QuantumEdge/output/experiments/param_mom_3m_2026-04-19T14-38-58Z.json,QuantumEdge,.json,762,27,19ed346335edff316b7e1d8c24a438249e5b7e84f777063c5575bf84c362cc6b,,,0,0,0,0,0,0,0,0,0,0,0,0,0,EXPERIMENTAL,"research run output/log artifact (evidence of past runs, not code)",,
QuantumEdge/output/experiments/param_top2_sectors_2026-04-19T14-15-34Z.json,QuantumEdge,.json,753,27,2bf8a1fcceac34b45ae2c82ba50d2ea4420185e906a8184e3e88c2870d29aded,,,0,0,0,0,0,0,0,0,0,0,0,0,0,EXPERIMENTAL,"research run output/log artifact (evidence of past runs, not code)",,
QuantumEdge/output/experiments/param_top2_sectors_2026-04-19T14-18-13Z.json,QuantumEdge,.json,753,27,f477f480d7b21c1377b0ecdc40fb8190d86e7f12918aa51f07090d69b6416c86,,,0,0,0,0,0,0,0,0,0,0,0,0,0,EXPERIMENTAL,"research run output/log artifact (evidence of past runs, not code)",,
QuantumEdge/output/experiments/param_top2_sectors_2026-04-19T14-34-28Z.json,QuantumEdge,.json,766,27,d85531bbc0e9e26cd50dd2afdf10224185a34102ceee4dc225d76041171bdaf8,,,0,0,0,0,0,0,0,0,0,0,0,0,0,EXPERIMENTAL,"research run output/log artifact (evidence of past runs, not code)",,
QuantumEdge/output/experiments/param_top5_sectors_2026-04-19T14-15-40Z.json,QuantumEdge,.json,753,27,2e911b04be5c3355264fa7afdac41fe485997cd7a61b6b4ba3f558c25c101ed0,,,0,0,0,0,0,0,0,0,0,0,0,0,0,EXPERIMENTAL,"research run output/log artifact (evidence of past runs, not code)",,
QuantumEdge/output/experiments/param_top5_sectors_2026-04-19T14-18-19Z.json,QuantumEdge,.json,753,27,dd8205a145a6b78d617cf95124e13583ceda0c6e133e0f592ffdc1a323db4c8f,,,0,0,0,0,0,0,0,0,0,0,0,0,0,EXPERIMENTAL,"research run output/log artifact (evidence of past runs, not code)",,
QuantumEdge/output/experiments/param_top5_sectors_2026-04-19T14-35-55Z.json,QuantumEdge,.json,763,27,10b3571062a35d3dc21526562d01d2effec84af3b255c62ffff824408aa026ad,,,0,0,0,0,0,0,0,0,0,0,0,0,0,EXPERIMENTAL,"research run output/log artifact (evidence of past runs, not code)",,
QuantumEdge/output/experiments/param_top5_sectors_weekly_2026-04-19T14-52-50Z.json,QuantumEdge,.json,799,27,64c3a89d799bbce0bae331ee7bf51583ba983603504302b9c51b38d8ca831b99,,,0,0,0,0,0,0,0,0,0,0,0,0,0,EXPERIMENTAL,"research run output/log artifact (evidence of past runs, not code)",,
QuantumEdge/output/experiments/rebal_monthly_2026-04-19T14-15-29Z.json,QuantumEdge,.json,748,27,7dddda5a079e0474b0b4dc0cc1dd15fb99b4313ac221899e9075a57d71ef8a85,,,0,0,0,0,0,0,0,0,0,0,0,0,0,EXPERIMENTAL,"research run output/log artifact (evidence of past runs, not code)",,
QuantumEdge/output/experiments/rebal_monthly_2026-04-19T14-18-07Z.json,QuantumEdge,.json,748,27,31ca440475ea0b728ca199859ebd3026f3b9a85136747ca85d97c167800a8302,,,0,0,0,0,0,0,0,0,0,0,0,0,0,EXPERIMENTAL,"research run output/log artifact (evidence of past runs, not code)",,
QuantumEdge/output/experiments/rebal_monthly_2026-04-19T14-38-08Z.json,QuantumEdge,.json,763,27,405c9a005ae010c90f5e3f7d12ad501378a7c973d9d5695421d91416139c437c,,,0,0,0,0,0,0,0,0,0,0,0,0,0,EXPERIMENTAL,"research run output/log artifact (evidence of past runs, not code)",,
QuantumEdge/output/experiments/rebal_weekly_2026-04-19T14-15-23Z.json,QuantumEdge,.json,747,27,d4a42384ef2bcffb561b8592c305a11dc41f97be45d8ce29d8f0b7a877ac11d5,,,0,0,0,0,0,0,0,0,0,0,0,0,0,EXPERIMENTAL,"research run output/log artifact (evidence of past runs, not code)",,
QuantumEdge/output/experiments/rebal_weekly_2026-04-19T14-18-02Z.json,QuantumEdge,.json,747,27,09b3f261a9f1cebb54076016a5af85663ff582dec34d36121f1e1d74fc6da230,,,0,0,0,0,0,0,0,0,0,0,0,0,0,EXPERIMENTAL,"research run output/log artifact (evidence of past runs, not code)",,
QuantumEdge/output/experiments/rebal_weekly_2026-04-19T14-37-12Z.json,QuantumEdge,.json,762,27,73a9a2a0cb17591db2974141e83cbd2b51b123ec9b0853bfed7a473e97901338,,,0,0,0,0,0,0,0,0,0,0,0,0,0,EXPERIMENTAL,"research run output/log artifact (evidence of past runs, not code)",,
QuantumEdge/output/experiments/sectors_only_2026-04-19T14-43-18Z.json,QuantumEdge,.json,786,27,092bfb35563d4b8bd21e17b27c8d34f32c69b5c5acf185ae00b6911e9671aff0,,,0,0,0,0,0,0,0,0,0,0,0,0,0,EXPERIMENTAL,"research run output/log artifact (evidence of past runs, not code)",,
QuantumEdge/output/experiments/sectors_plus_ibs_2026-04-19T14-44-22Z.json,QuantumEdge,.json,787,27,110aad477b6dae1558515de0e07d8d28b93c8ba878825cf578cc8e8423b7476d,,,0,0,0,0,0,0,0,0,0,0,0,0,0,EXPERIMENTAL,"research run output/log artifact (evidence of past runs, not code)",,
QuantumEdge/output/experiments/top_n_4_midpoint_2026-04-19T14-55-47Z.json,QuantumEdge,.json,789,27,51b1b524a6136187a3ee0f38be9ab5a7a9387cbeb2261b31a5fb3c4695131b61,,,0,0,0,0,0,0,0,0,0,0,0,0,0,EXPERIMENTAL,"research run output/log artifact (evidence of past runs, not code)",,
QuantumEdge/output/fib/baseline_bearish_only_EWJ_20260419T152237.json,QuantumEdge,.json,164,10,9033b8496492d91e7c209bb6558c6523ab414435b19b8f6d3b62f034e169dbbf,,,0,0,0,0,0,0,0,0,0,0,0,0,0,EXPERIMENTAL,"research run output/log artifact (evidence of past runs, not code)",,
QuantumEdge/output/fib/baseline_bearish_only_EWZ_20260419T152237.json,QuantumEdge,.json,644,30,bdb0271a89077b4be048d649b7f515977ff594a7e27f855ef1336132e4c1dfcd,,,0,0,0,0,0,0,0,0,0,0,0,0,0,EXPERIMENTAL,"research run output/log artifact (evidence of past runs, not code)",,
QuantumEdge/output/fib/baseline_bearish_only_SPY_20260419T152237.json,QuantumEdge,.json,683,31,a624113c698d2af50f83fab4ca3af23d2aa01e95a7c33fb366c561e9ac6fa299,,,0,0,0,0,0,0,0,0,0,0,0,0,0,EXPERIMENTAL,"research run output/log artifact (evidence of past runs, not code)",,
QuantumEdge/output/fib/baseline_bearish_only_XLK_20260419T152237.json,QuantumEdge,.json,658,30,7af86d5a8cdcf3070b594469cbd5289d1faec2ec52a22d1cca58231fd7993024,,,0,0,0,0,0,0,0,0,0,0,0,0,0,EXPERIMENTAL,"research run output/log artifact (evidence of past runs, not code)",,
QuantumEdge/output/fib/baseline_bearish_only_XLV_20260419T152237.json,QuantumEdge,.json,164,10,e56587432d5502799998fe396809a3c1d7951d322dae6693cbf435990d9f8bd5,,,0,0,0,0,0,0,0,0,0,0,0,0,0,EXPERIMENTAL,"research run output/log artifact (evidence of past runs, not code)",,
QuantumEdge/output/fib/baseline_both_EWJ_20260419T152236.json,QuantumEdge,.json,702,32,5427b9e1ac9c5ff24eaf844738a93cbd510f26f134a6771067a366a015ea5ea3,,,0,0,0,0,0,0,0,0,0,0,0,1,0,EXPERIMENTAL,"research run output/log artifact (evidence of past runs, not code)",,
QuantumEdge/output/fib/baseline_both_EWZ_20260419T152236.json,QuantumEdge,.json,672,31,00bbc70dae04905002b9081c9b60f867c69d22e41b7488d7fc0a89a4ab1b3363,,,0,0,0,0,0,0,0,0,0,0,0,0,0,EXPERIMENTAL,"research run output/log artifact (evidence of past runs, not code)",,
QuantumEdge/output/fib/baseline_both_SPY_20260419T152235.json,QuantumEdge,.json,705,32,8fea65aec2fb7daa2b309f50e78fea5bc1f8cd2d1501dd1b2af6ecd4301d2dee,,,0,0,0,0,0,0,0,0,0,0,0,1,0,EXPERIMENTAL,"research run output/log artifact (evidence of past runs, not code)",,
QuantumEdge/output/fib/baseline_both_XLK_20260419T152236.json,QuantumEdge,.json,694,32,5a1eafe9d3edceb8c943df9c2b3e7110803a567c6581a14615e353305cfa639c,,,0,0,0,0,0,0,0,0,0,0,0,1,0,EXPERIMENTAL,"research run output/log artifact (evidence of past runs, not code)",,
QuantumEdge/output/fib/baseline_both_XLV_20260419T152236.json,QuantumEdge,.json,695,32,870129ebcaa99e94511bbd60db6575801bc98c0b44492ab00f75967579b3eaff,,,0,0,0,0,0,0,0,0,0,0,0,1,0,EXPERIMENTAL,"research run output/log artifact (evidence of past runs, not code)",,
QuantumEdge/output/fib/baseline_bullish_only_EWJ_20260419T152236.json,QuantumEdge,.json,710,32,8d7bd39a314115dc1169215eced2acfe56037609097e278240ddd869136ab274,,,0,0,0,0,0,0,0,0,0,0,0,1,0,EXPERIMENTAL,"research run output/log artifact (evidence of past runs, not code)",,
QuantumEdge/output/fib/baseline_bullish_only_EWZ_20260419T152237.json,QuantumEdge,.json,682,31,e5564b095db469e79d5ac37dee9471bda3db8a0a7b207e10dc3debb0c97ed0a1,,,0,0,0,0,0,0,0,0,0,0,0,0,0,EXPERIMENTAL,"research run output/log artifact (evidence of past runs, not code)",,
QuantumEdge/output/fib/baseline_bullish_only_SPY_20260419T152236.json,QuantumEdge,.json,710,32,ad2a6a9f5ace19745bf6d0de5e1e035002dbd8f4a55d7e7cb93f0ff24e1c7edb,,,0,0,0,0,0,0,0,0,0,0,0,1,0,EXPERIMENTAL,"research run output/log artifact (evidence of past runs, not code)",,
QuantumEdge/output/fib/baseline_bullish_only_XLK_20260419T152236.json,QuantumEdge,.json,706,32,229a234fb87563e46ba2a891632f476c99c76b59a59e328cb576ea568a0fe719,,,0,0,0,0,0,0,0,0,0,0,0,1,0,EXPERIMENTAL,"research run output/log artifact (evidence of past runs, not code)",,
QuantumEdge/output/fib/baseline_bullish_only_XLV_20260419T152236.json,QuantumEdge,.json,703,32,cbb91fec9851fd46f3f948ea7f4a80925b524dd72dfd480f2253b55c3b77ad4f,,,0,0,0,0,0,0,0,0,0,0,0,1,0,EXPERIMENTAL,"research run output/log artifact (evidence of past runs, not code)",,
QuantumEdge/output/fib/entry_golden_only_EWJ_20260419T152238.json,QuantumEdge,.json,706,32,c322300402bcad310482dab4aa8ff51bead981c0200330a569ebba3ed7ae313a,,,0,0,0,0,0,0,0,0,0,0,0,1,0,EXPERIMENTAL,"research run output/log artifact (evidence of past runs, not code)",,
QuantumEdge/output/fib/entry_golden_only_EWZ_20260419T152238.json,QuantumEdge,.json,676,31,26c2666a95e2fbe18c8cb3f509d7e069098f3a444fa8b45c5124480f5705915a,,,0,0,0,0,0,0,0,0,0,0,0,0,0,EXPERIMENTAL,"research run output/log artifact (evidence of past runs, not code)",,
QuantumEdge/output/fib/entry_golden_only_SPY_20260419T152237.json,QuantumEdge,.json,710,32,8d39ba9bab994b4670606b50993b1f97064a9410402c683793921e0d3e155585,,,0,0,0,0,0,0,0,0,0,0,0,1,0,EXPERIMENTAL,"research run output/log artifact (evidence of past runs, not code)",,
QuantumEdge/output/fib/entry_golden_only_XLK_20260419T152237.json,QuantumEdge,.json,701,32,8090a152b7beccd3cbbc588974e599a2fd3f00221df82b3ac8560300128d3e70,,,0,0,0,0,0,0,0,0,0,0,0,1,0,EXPERIMENTAL,"research run output/log artifact (evidence of past runs, not code)",,
QuantumEdge/output/fib/entry_golden_only_XLV_20260419T152237.json,QuantumEdge,.json,700,32,249baf9b533b4fcae203b81467d39063f64866ec9fd6655a0be0fc4644286d76,,,0,0,0,0,0,0,0,0,0,0,0,1,0,EXPERIMENTAL,"research run output/log artifact (evidence of past runs, not code)",,
QuantumEdge/output/fib/leg_loose_EWJ_20260419T152240.json,QuantumEdge,.json,698,32,466d6bcda4757e393d2d60a29a52ee0b6149e1e02a85a16553a0a61fba8e4e94,,,0,0,0,0,0,0,0,0,0,0,0,1,0,EXPERIMENTAL,"research run output/log artifact (evidence of past runs, not code)",,
QuantumEdge/output/fib/leg_loose_EWZ_20260419T152240.json,QuantumEdge,.json,668,31,cdc34f8172724668ab4c80cde02193f700b318594ea831e7eba003a7a2d574dd,,,0,0,0,0,0,0,0,0,0,0,0,0,0,EXPERIMENTAL,"research run output/log artifact (evidence of past runs, not code)",,
QuantumEdge/output/fib/leg_loose_SPY_20260419T152240.json,QuantumEdge,.json,701,32,5a26611cc4321a291fb4bc78f1f771ad11fd1215e0505b07b5e1f50fceff69c1,,,0,0,0,0,0,0,0,0,0,0,0,1,0,EXPERIMENTAL,"research run output/log artifact (evidence of past runs, not code)",,
QuantumEdge/output/fib/leg_loose_XLK_20260419T152240.json,QuantumEdge,.json,690,32,8857d8cdb477a2ef26dbe9c6c11a7a21b23e361087b3c150c1d2c80dce669697,,,0,0,0,0,0,0,0,0,0,0,0,1,0,EXPERIMENTAL,"research run output/log artifact (evidence of past runs, not code)",,
QuantumEdge/output/fib/leg_loose_XLV_20260419T152240.json,QuantumEdge,.json,691,32,79a1afdac772f4f0f6ae8901f8043ada406d512d7f300200953a78d7f063b3b0,,,0,0,0,0,0,0,0,0,0,0,0,1,0,EXPERIMENTAL,"research run output/log artifact (evidence of past runs, not code)",,
QuantumEdge/output/fib/leg_strict_EWJ_20260419T152241.json,QuantumEdge,.json,699,32,932ba2da32adcb0bb693505475335b1305613a95df512214534f7b5ba90aaf98,,,0,0,0,0,0,0,0,0,0,0,0,1,0,EXPERIMENTAL,"research run output/log artifact (evidence of past runs, not code)",,
QuantumEdge/output/fib/leg_strict_EWZ_20260419T152241.json,QuantumEdge,.json,669,31,e7c297f18149d442f9c703a9d0cc473cf8eb4272b28a10563af4cd89645c047b,,,0,0,0,0,0,0,0,0,0,0,0,0,0,EXPERIMENTAL,"research run output/log artifact (evidence of past runs, not code)",,
QuantumEdge/output/fib/leg_strict_SPY_20260419T152240.json,QuantumEdge,.json,702,32,c51fe96f1a6fb88dede7146479c298563816f11692ab48e5929179e65d4f3805,,,0,0,0,0,0,0,0,0,0,0,0,1,0,EXPERIMENTAL,"research run output/log artifact (evidence of past runs, not code)",,
QuantumEdge/output/fib/leg_strict_XLK_20260419T152241.json,QuantumEdge,.json,695,32,349f686c81827384644b78755aa21471a72ee4cd84b5ab08d28241e797098781,,,0,0,0,0,0,0,0,0,0,0,0,1,0,EXPERIMENTAL,"research run output/log artifact (evidence of past runs, not code)",,
QuantumEdge/output/fib/leg_strict_XLV_20260419T152241.json,QuantumEdge,.json,692,32,27e242a69ec4e3d71cdf8d112ed0229cd1c1071e82ecb65b8a77c887cf0f4ffe,,,0,0,0,0,0,0,0,0,0,0,0,1,0,EXPERIMENTAL,"research run output/log artifact (evidence of past runs, not code)",,
QuantumEdge/output/fib/pivot_n3_EWJ_20260419T152239.json,QuantumEdge,.json,698,32,48d9b15a193517951dd840ba2ecf2248164f7678f80bcc54bb70c2ae3d204dd6,,,0,0,0,0,0,0,0,0,0,0,0,1,0,EXPERIMENTAL,"research run output/log artifact (evidence of past runs, not code)",,
QuantumEdge/output/fib/pivot_n3_EWZ_20260419T152239.json,QuantumEdge,.json,696,32,15f2bfe2625857d0f1005938b0fa337c6e8d0db63af79ae24be0848cf755a8eb,,,0,0,0,0,0,0,0,0,0,0,0,1,0,EXPERIMENTAL,"research run output/log artifact (evidence of past runs, not code)",,
QuantumEdge/output/fib/pivot_n3_SPY_20260419T152239.json,QuantumEdge,.json,697,32,c3eda3467d5ee4a465ab57e2d420e09197f3d9a3380c99751fa86f6ed9c31ced,,,0,0,0,0,0,0,0,0,0,0,0,1,0,EXPERIMENTAL,"research run output/log artifact (evidence of past runs, not code)",,
QuantumEdge/output/fib/pivot_n3_XLK_20260419T152239.json,QuantumEdge,.json,696,32,dbd0307507c98ceaac8fc6273348d6437cf942c6863a2da5649c9816dd04f5f6,,,0,0,0,0,0,0,0,0,0,0,0,1,0,EXPERIMENTAL,"research run output/log artifact (evidence of past runs, not code)",,
QuantumEdge/output/fib/pivot_n3_XLV_20260419T152239.json,QuantumEdge,.json,694,32,2ac4227f620a12f33235864f6fe3797aa4ea4fedeff6ec86e2c072fbdfbf17e1,,,0,0,0,0,0,0,0,0,0,0,0,1,0,EXPERIMENTAL,"research run output/log artifact (evidence of past runs, not code)",,
QuantumEdge/output/fib/pivot_n8_EWJ_20260419T152240.json,QuantumEdge,.json,688,32,6862792766d0cd16f1e744076ff6b484fd203a3da28e1f3084fcfd38636489ef,,,0,0,0,0,0,0,0,0,0,0,0,1,0,EXPERIMENTAL,"research run output/log artifact (evidence of past runs, not code)",,
QuantumEdge/output/fib/pivot_n8_EWZ_20260419T152240.json,QuantumEdge,.json,661,31,7ae2a44a2b784e1864ea584e900a08614dca172715b0fd35ad4a335c5747d710,,,0,0,0,0,0,0,0,0,0,0,0,0,0,EXPERIMENTAL,"research run output/log artifact (evidence of past runs, not code)",,
QuantumEdge/output/fib/pivot_n8_SPY_20260419T152240.json,QuantumEdge,.json,679,31,fc9a5305776fbb0a058073bee3b02c20b0f8d0191bb77b712417d3fb25c4a726,,,0,0,0,0,0,0,0,0,0,0,0,0,0,EXPERIMENTAL,"research run output/log artifact (evidence of past runs, not code)",,
QuantumEdge/output/fib/pivot_n8_XLK_20260419T152240.json,QuantumEdge,.json,691,32,eaf0b4a0afe5822b1f12a93570a57a4f05d4af28f7d0de837731048a74da84f1,,,0,0,0,0,0,0,0,0,0,0,0,1,0,EXPERIMENTAL,"research run output/log artifact (evidence of past runs, not code)",,
QuantumEdge/output/fib/pivot_n8_XLV_20260419T152240.json,QuantumEdge,.json,691,32,e32723e65a36d49d22591833f6afd5293f0bcbd217bfd85a49021b4a2e870c56,,,0,0,0,0,0,0,0,0,0,0,0,1,0,EXPERIMENTAL,"research run output/log artifact (evidence of past runs, not code)",,
QuantumEdge/output/fib/target_1272_EWJ_20260419T152238.json,QuantumEdge,.json,695,32,1ccc009146069d4e7a7c41223d53c62464f0dfd39e40abaf684fc3650ed20390,,,0,0,0,0,0,0,0,0,0,0,0,0,0,EXPERIMENTAL,"research run output/log artifact (evidence of past runs, not code)",,
QuantumEdge/output/fib/target_1272_EWZ_20260419T152238.json,QuantumEdge,.json,688,32,57288408eef70890602c1bd9f6fce324d206f5c2e0b443aa4d145b7c1808b6e5,,,0,0,0,0,0,0,0,0,0,0,0,0,0,EXPERIMENTAL,"research run output/log artifact (evidence of past runs, not code)",,
QuantumEdge/output/fib/target_1272_SPY_20260419T152238.json,QuantumEdge,.json,704,32,86787939d3e7e20aa3c8391fe168ff08d9f3eb7ee4ce981a022b199f3fb19791,,,0,0,0,0,0,0,0,0,0,0,0,0,0,EXPERIMENTAL,"research run output/log artifact (evidence of past runs, not code)",,
QuantumEdge/output/fib/target_1272_XLK_20260419T152238.json,QuantumEdge,.json,690,32,48be38951f9b079a1b52b5767dc12eb084fbcc31042b0d0f52d03e395057103a,,,0,0,0,0,0,0,0,0,0,0,0,0,0,EXPERIMENTAL,"research run output/log artifact (evidence of past runs, not code)",,
QuantumEdge/output/fib/target_1272_XLV_20260419T152238.json,QuantumEdge,.json,691,32,657c4782409941995a6abf6cb438a20fa26b860dc1ed9d8a9514da8f6144d215,,,0,0,0,0,0,0,0,0,0,0,0,0,0,EXPERIMENTAL,"research run output/log artifact (evidence of past runs, not code)",,
QuantumEdge/output/fib/target_1618_scaled_EWJ_20260419T152239.json,QuantumEdge,.json,707,32,e06e70e0e626b918448e92c82736e473f3750cb9264db4b7f581726faee2daf2,,,0,0,0,0,0,0,0,0,0,0,0,1,0,EXPERIMENTAL,"research run output/log artifact (evidence of past runs, not code)",,
QuantumEdge/output/fib/target_1618_scaled_EWZ_20260419T152239.json,QuantumEdge,.json,677,31,e66ff5c02f7e77a544d41589f0b581602b501f4239d764500efdcdf09b6dfae4,,,0,0,0,0,0,0,0,0,0,0,0,0,0,EXPERIMENTAL,"research run output/log artifact (evidence of past runs, not code)",,
QuantumEdge/output/fib/target_1618_scaled_SPY_20260419T152238.json,QuantumEdge,.json,713,32,9b6e06dc2497c802a57ab7ae25dbf3007b39badca0c5872ce9f1cd494d40454b,,,0,0,0,0,0,0,0,0,0,0,0,1,0,EXPERIMENTAL,"research run output/log artifact (evidence of past runs, not code)",,
QuantumEdge/output/fib/target_1618_scaled_XLK_20260419T152239.json,QuantumEdge,.json,696,32,a46fa72e9dbfad7e545e83f62d8bf0dea94079c720d5b812088ac2b283d29ce6,,,0,0,0,0,0,0,0,0,0,0,0,1,0,EXPERIMENTAL,"research run output/log artifact (evidence of past runs, not code)",,
QuantumEdge/output/fib/target_1618_scaled_XLV_20260419T152239.json,QuantumEdge,.json,701,32,be8765daf14c39d06e81d5700be122c7ac3fb0cfd1ee4825f9cbb096c7d6360c,,,0,0,0,0,0,0,0,0,0,0,0,1,0,EXPERIMENTAL,"research run output/log artifact (evidence of past runs, not code)",,
QuantumEdge/output/fib2/best_hypothesis_QQQ_20260419T162917.json,QuantumEdge,.json,1093,52,d450cc0ea47b83605b99cae65dfc616bb9d701cfa69e1c08b269752f56f88aa1,,,0,0,0,0,0,0,0,0,0,0,0,1,0,EXPERIMENTAL,"research run output/log artifact (evidence of past runs, not code)",,
QuantumEdge/output/fib2/best_hypothesis_SPY_20260419T162917.json,QuantumEdge,.json,1101,52,22df36cc3c0de3cf8b7083a25df63b0ac42eee6942cec8ca38558892ce6cc9e7,,,0,0,0,0,0,0,0,0,0,0,0,1,0,EXPERIMENTAL,"research run output/log artifact (evidence of past runs, not code)",,
QuantumEdge/output/fib2/best_hypothesis_XLK_20260419T162917.json,QuantumEdge,.json,1108,52,0deb2e2853ce21d2202b1f31c53b66f96237bafd3b212e24a8b2e267ddd31a25,,,0,0,0,0,0,0,0,0,0,0,0,1,0,EXPERIMENTAL,"research run output/log artifact (evidence of past runs, not code)",,
QuantumEdge/output/fib2/broad_fib1_equiv_QQQ_20260419T162858.json,QuantumEdge,.json,1107,52,aa75d90eaba96e57195020f1812a55e6c9ce8b18742c63802b25ede3030764c5,,,0,0,0,0,0,0,0,0,0,0,0,1,0,EXPERIMENTAL,"research run output/log artifact (evidence of past runs, not code)",,
QuantumEdge/output/fib2/broad_fib1_equiv_SPY_20260419T162858.json,QuantumEdge,.json,1124,52,743089a29e24185ee4b66a96fb3573ca00dbe3945f4327f7e500c193bbea0a9d,,,0,0,0,0,0,0,0,0,0,0,0,1,0,EXPERIMENTAL,"research run output/log artifact (evidence of past runs, not code)",,
QuantumEdge/output/fib2/broad_fib1_equiv_XLK_20260419T162859.json,QuantumEdge,.json,1110,52,742715ca2f1779522e40bb440bc32be103d7753d31b4cd030df4a3cb645edb61,,,0,0,0,0,0,0,0,0,0,0,0,1,0,EXPERIMENTAL,"research run output/log artifact (evidence of past runs, not code)",,
QuantumEdge/output/fib2/disp_2atr_QQQ_20260419T162902.json,QuantumEdge,.json,1102,52,328864f3dd04d0579b6c39538f5b49334ad9ba2ae1a07e17bc31e69f761d4ae9,,,0,0,0,0,0,0,0,0,0,0,0,1,0,EXPERIMENTAL,"research run output/log artifact (evidence of past runs, not code)",,
QuantumEdge/output/fib2/disp_2atr_SPY_20260419T162902.json,QuantumEdge,.json,1108,52,bd8e10a31caf484293d7af5cedd7c938e8242fc49ef26259002b9180978f3fd8,,,0,0,0,0,0,0,0,0,0,0,0,1,0,EXPERIMENTAL,"research run output/log artifact (evidence of past runs, not code)",,
QuantumEdge/output/fib2/disp_2atr_XLK_20260419T162902.json,QuantumEdge,.json,1100,52,01e567f52ee33deb1e9e5c9eec7361f77622049aa71792852d21bc2b679beff2,,,0,0,0,0,0,0,0,0,0,0,0,1,0,EXPERIMENTAL,"research run output/log artifact (evidence of past runs, not code)",,
QuantumEdge/output/fib2/disp_4atr_QQQ_20260419T162904.json,QuantumEdge,.json,1083,51,7ffa2b4a55a476aa18a1540207c284b9395ad9f1ad4632cb3d704dbebd5e4595,,,0,0,0,0,0,0,0,0,0,0,0,1,0,EXPERIMENTAL,"research run output/log artifact (evidence of past runs, not code)",,
QuantumEdge/output/fib2/disp_4atr_SPY_20260419T162904.json,QuantumEdge,.json,1107,52,df7ec50b44daca79e61320b262a2c11e366341954f86b0434a0124690ad3a2e3,,,0,0,0,0,0,0,0,0,0,0,0,1,0,EXPERIMENTAL,"research run output/log artifact (evidence of past runs, not code)",,
QuantumEdge/output/fib2/disp_4atr_XLK_20260419T162905.json,QuantumEdge,.json,1101,52,3f7bc4c9f596bbf8e9bd44230c387fcd6f2d018f825a74c33ca05e73605d6576,,,0,0,0,0,0,0,0,0,0,0,0,1,0,EXPERIMENTAL,"research run output/log artifact (evidence of past runs, not code)",,
QuantumEdge/output/fib2/entry_rejection_QQQ_20260419T162906.json,QuantumEdge,.json,1106,52,b460e4f66f231eaabbd040f006f1ab67cf60ee978a54bf9426e2c5a39a22c11f,,,0,0,0,0,0,0,0,0,0,0,0,1,0,EXPERIMENTAL,"research run output/log artifact (evidence of past runs, not code)",,
QuantumEdge/output/fib2/entry_rejection_SPY_20260419T162906.json,QuantumEdge,.json,1099,52,37cf4504e0dee0abb5ffb058dd078ff093b3b088b8211b0e271cb0a3c91480bb,,,0,0,0,0,0,0,0,0,0,0,0,1,0,EXPERIMENTAL,"research run output/log artifact (evidence of past runs, not code)",,
QuantumEdge/output/fib2/entry_rejection_XLK_20260419T162907.json,QuantumEdge,.json,1110,52,49f3d33404650b7464672c09238524d538739b859acef8d06880df96da60b683,,,0,0,0,0,0,0,0,0,0,0,0,1,0,EXPERIMENTAL,"research run output/log artifact (evidence of past runs, not code)",,
QuantumEdge/output/fib2/entry_touch_QQQ_20260419T162905.json,QuantumEdge,.json,1102,52,7122f4ef8715ed056e0d11c6f2a1b2d891071ab37c3ee1c9dfb4ecf92323cc1e,,,0,0,0,0,0,0,0,0,0,0,0,1,0,EXPERIMENTAL,"research run output/log artifact (evidence of past runs, not code)",,
QuantumEdge/output/fib2/entry_touch_SPY_20260419T162905.json,QuantumEdge,.json,1101,52,97a46c553be179d1fbe8a4710532bbafaced01d145b3292cf4267862d55deeb3,,,0,0,0,0,0,0,0,0,0,0,0,1,0,EXPERIMENTAL,"research run output/log artifact (evidence of past runs, not code)",,
QuantumEdge/output/fib2/entry_touch_XLK_20260419T162905.json,QuantumEdge,.json,1105,52,c99074cfe7200cd33cbcb1d2e6572becbc466675acf45479805d94787935e22a,,,0,0,0,0,0,0,0,0,0,0,0,1,0,EXPERIMENTAL,"research run output/log artifact (evidence of past runs, not code)",,
QuantumEdge/output/fib2/no_sweep_QQQ_20260419T162900.json,QuantumEdge,.json,1101,52,5f1dcc14b6bf831c86190d0946e9e010a0d3fe158373f0494a6c00767f1daa63,,,0,0,0,0,0,0,0,0,0,0,0,1,0,EXPERIMENTAL,"research run output/log artifact (evidence of past runs, not code)",,
QuantumEdge/output/fib2/no_sweep_SPY_20260419T162900.json,QuantumEdge,.json,1115,52,0e7d9b15cff989e5e732952b4a56fb0732a0ca629ed16f49b87a800f0ee7aa1f,,,0,0,0,0,0,0,0,0,0,0,0,1,0,EXPERIMENTAL,"research run output/log artifact (evidence of past runs, not code)",,
QuantumEdge/output/fib2/no_sweep_XLK_20260419T162901.json,QuantumEdge,.json,1101,52,75bfcdc517647f1ca02b16e4bba109f6560e2c38c838107f2bf8196a66236e99,,,0,0,0,0,0,0,0,0,0,0,0,1,0,EXPERIMENTAL,"research run output/log artifact (evidence of past runs, not code)",,
QuantumEdge/output/fib2/regime_spy_bull_QQQ_20260419T162916.json,QuantumEdge,.json,1074,51,02a8ff5063cfb2ab2f380c772b625504d5593a178fa803b3b6b3a5fb1399288d,,,0,0,0,0,0,0,0,0,0,0,0,1,0,EXPERIMENTAL,"research run output/log artifact (evidence of past runs, not code)",,
QuantumEdge/output/fib2/regime_spy_bull_SPY_20260419T162916.json,QuantumEdge,.json,1115,52,fb1892ece359f7ee4783afa9ce114ffbd2113dd796b17325466bddd872f82121,,,0,0,0,0,0,0,0,0,0,0,0,1,0,EXPERIMENTAL,"research run output/log artifact (evidence of past runs, not code)",,
QuantumEdge/output/fib2/regime_spy_bull_XLK_20260419T162916.json,QuantumEdge,.json,1107,52,4752129419e5bb71bd74593ff06cabfeed115e2b98da6c22d3c2a93497e8e325,,,0,0,0,0,0,0,0,0,0,0,0,1,0,EXPERIMENTAL,"research run output/log artifact (evidence of past runs, not code)",,
QuantumEdge/output/fib2/stop_atr2x_QQQ_20260419T162909.json,QuantumEdge,.json,1101,52,cf325beb088b4d2471ffaeb940e10f03f636609dbda7fec44bcec9123771b189,,,0,0,0,0,0,0,0,0,0,0,0,1,0,EXPERIMENTAL,"research run output/log artifact (evidence of past runs, not code)",,
QuantumEdge/output/fib2/stop_atr2x_SPY_20260419T162909.json,QuantumEdge,.json,1101,52,1c295b0246d9a8e76fc981bd6476c4bfbf7b887b925524e512fdceb6a68f0ab8,,,0,0,0,0,0,0,0,0,0,0,0,1,0,EXPERIMENTAL,"research run output/log artifact (evidence of past runs, not code)",,
QuantumEdge/output/fib2/stop_atr2x_SPY_20260419T163341.json,QuantumEdge,.json,1101,52,1c295b0246d9a8e76fc981bd6476c4bfbf7b887b925524e512fdceb6a68f0ab8,,,0,0,0,0,0,0,0,0,0,0,0,1,0,EXPERIMENTAL,"research run output/log artifact (evidence of past runs, not code)",,
QuantumEdge/output/fib2/stop_atr2x_XLK_20260419T162910.json,QuantumEdge,.json,1097,52,5ba4ac7dd982c7eef374897d37e4e3492923e0473f95f9ffc40bc4dbbb5d4afc,,,0,0,0,0,0,0,0,0,0,0,0,1,0,EXPERIMENTAL,"research run output/log artifact (evidence of past runs, not code)",,
QuantumEdge/output/fib2/stop_atr2x_XLK_20260419T163341.json,QuantumEdge,.json,1097,52,5ba4ac7dd982c7eef374897d37e4e3492923e0473f95f9ffc40bc4dbbb5d4afc,,,0,0,0,0,0,0,0,0,0,0,0,1,0,EXPERIMENTAL,"research run output/log artifact (evidence of past runs, not code)",,
QuantumEdge/output/fib2/stop_fib786_QQQ_20260419T162908.json,QuantumEdge,.json,132,9,3748e2c752b00ecdf841347480240c4befe678885859b152c700c998e43d1565,,,0,0,0,0,0,0,0,0,0,0,0,0,0,EXPERIMENTAL,"research run output/log artifact (evidence of past runs, not code)",,
QuantumEdge/output/fib2/stop_fib786_SPY_20260419T162907.json,QuantumEdge,.json,132,9,fccafd8f1f38e52736ea0cf8db2c00e357183fd2e2e221de785ebfa471926d0f,,,0,0,0,0,0,0,0,0,0,0,0,0,0,EXPERIMENTAL,"research run output/log artifact (evidence of past runs, not code)",,
QuantumEdge/output/fib2/stop_fib786_SPY_20260419T163340.json,QuantumEdge,.json,1106,52,b6ce125242cb5b139e2b8e4c70d8d2a814fb547c7a6c8a0ecee3ad5ad3c5669a,,,0,0,0,0,0,0,0,0,0,0,0,1,0,EXPERIMENTAL,"research run output/log artifact (evidence of past runs, not code)",,
QuantumEdge/output/fib2/stop_fib786_XLK_20260419T162908.json,QuantumEdge,.json,132,9,40b367ee9ae399f858f62d0efbde5a31c1782e1b566127bc1b293e51573c64f2,,,0,0,0,0,0,0,0,0,0,0,0,0,0,EXPERIMENTAL,"research run output/log artifact (evidence of past runs, not code)",,
QuantumEdge/output/fib2/stop_fib786_XLK_20260419T163340.json,QuantumEdge,.json,1099,52,72099b82771b793899687184cb6c23c90a220cd8d4aed611c1e7a15efa2a8bda,,,0,0,0,0,0,0,0,0,0,0,0,1,0,EXPERIMENTAL,"research run output/log artifact (evidence of past runs, not code)",,
QuantumEdge/output/fib2/strict_baseline_QQQ_20260419T162856.json,QuantumEdge,.json,1108,52,0621871cc4c98a9f5018e2f5945f54ff4858495399ee39a7ce8d95f9d03c6bd2,,,0,0,0,0,0,0,0,0,0,0,0,1,0,EXPERIMENTAL,"research run output/log artifact (evidence of past runs, not code)",,
QuantumEdge/output/fib2/strict_baseline_SPY_20260419T162856.json,QuantumEdge,.json,1114,52,570c284d212a10ea595d3f99824a40420a7ce647162384926e44dedfebd575a3,,,0,0,0,0,0,0,0,0,0,0,0,1,0,EXPERIMENTAL,"research run output/log artifact (evidence of past runs, not code)",,
QuantumEdge/output/fib2/strict_baseline_SPY_20260419T163341.json,QuantumEdge,.json,1114,52,570c284d212a10ea595d3f99824a40420a7ce647162384926e44dedfebd575a3,,,0,0,0,0,0,0,0,0,0,0,0,1,0,EXPERIMENTAL,"research run output/log artifact (evidence of past runs, not code)",,
QuantumEdge/output/fib2/strict_baseline_XLK_20260419T162857.json,QuantumEdge,.json,1105,52,bd61689d565018c4df6ab3d230943d7c9d9d2a9376f74bbc655177aaf156919a,,,0,0,0,0,0,0,0,0,0,0,0,1,0,EXPERIMENTAL,"research run output/log artifact (evidence of past runs, not code)",,
QuantumEdge/output/fib2/strict_baseline_XLK_20260419T163342.json,QuantumEdge,.json,1105,52,bd61689d565018c4df6ab3d230943d7c9d9d2a9376f74bbc655177aaf156919a,,,0,0,0,0,0,0,0,0,0,0,0,1,0,EXPERIMENTAL,"research run output/log artifact (evidence of past runs, not code)",,
QuantumEdge/output/fib2/strict_bull_only_QQQ_20260419T162915.json,QuantumEdge,.json,1075,51,489b079ed9246a127c634777a5e2afaeb70761f4be0e2b68a6a787649f477a40,,,0,0,0,0,0,0,0,0,0,0,0,1,0,EXPERIMENTAL,"research run output/log artifact (evidence of past runs, not code)",,
QuantumEdge/output/fib2/strict_bull_only_SPY_20260419T162915.json,QuantumEdge,.json,1116,52,55db88ca3384e4c8d9781b620cedcc557e52db8c2829d45b8c71debbae4efe1c,,,0,0,0,0,0,0,0,0,0,0,0,1,0,EXPERIMENTAL,"research run output/log artifact (evidence of past runs, not code)",,
QuantumEdge/output/fib2/strict_bull_only_XLK_20260419T162915.json,QuantumEdge,.json,1103,52,10707a7af773c07df8092999b97ddb712476146aefedf72b0ebbfbd6129e3664,,,0,0,0,0,0,0,0,0,0,0,0,1,0,EXPERIMENTAL,"research run output/log artifact (evidence of past runs, not code)",,
QuantumEdge/output/fib2/target_1272_QQQ_20260419T162910.json,QuantumEdge,.json,1101,52,7e9387256717a62c3c96f21adb0042b2d634bc5edd2a0a7eb6bf69a1b93b1b04,,,0,0,0,0,0,0,0,0,0,0,0,0,0,EXPERIMENTAL,"research run output/log artifact (evidence of past runs, not code)",,
QuantumEdge/output/fib2/target_1272_SPY_20260419T162910.json,QuantumEdge,.json,1105,52,806737bee1b81ce45166a0e8ce60b9246fda6896fd271c39e060c01c30d4a438,,,0,0,0,0,0,0,0,0,0,0,0,0,0,EXPERIMENTAL,"research run output/log artifact (evidence of past runs, not code)",,
QuantumEdge/output/fib2/target_1272_XLK_20260419T162911.json,QuantumEdge,.json,1101,52,049f07bd1e8144f8ef613c6af313141dd105dd5c785c0fa1b552dfb02bf1bc09,,,0,0,0,0,0,0,0,0,0,0,0,0,0,EXPERIMENTAL,"research run output/log artifact (evidence of past runs, not code)",,
QuantumEdge/output/fib2/target_scaled_QQQ_20260419T162913.json,QuantumEdge,.json,1105,52,e3b354b3b80653631edc486be4228ca31512ca9b52836bfa90acc609d107d5a7,,,0,0,0,0,0,0,0,0,0,0,0,1,0,EXPERIMENTAL,"research run output/log artifact (evidence of past runs, not code)",,
QuantumEdge/output/fib2/target_scaled_SPY_20260419T162912.json,QuantumEdge,.json,1114,52,6b8dd8c70a0747a6d1f3d957cf3670b139ac1321c573b42325a2e2d742614d53,,,0,0,0,0,0,0,0,0,0,0,0,1,0,EXPERIMENTAL,"research run output/log artifact (evidence of past runs, not code)",,
QuantumEdge/output/fib2/target_scaled_XLK_20260419T162913.json,QuantumEdge,.json,1105,52,bf74f3b726558804637e772af228419ea82c11d0e144b6d9c0932a26f005f8e8,,,0,0,0,0,0,0,0,0,0,0,0,1,0,EXPERIMENTAL,"research run output/log artifact (evidence of past runs, not code)",,
QuantumEdge/output/fib3/choch_decisive_SPY_20260419T170131.json,QuantumEdge,.json,657,30,99d8158cdea266b53f07191a3ce97ed6340e537b9a69d559e8e03578ac0ec7ee,,,0,0,0,0,0,0,0,0,0,0,0,1,0,EXPERIMENTAL,"research run output/log artifact (evidence of past runs, not code)",,
QuantumEdge/output/fib3/choch_decisive_XLK_20260419T170133.json,QuantumEdge,.json,652,30,795a0c83c5693616e37f4a4281ccfd6179e00889677775b0d4c8bd1e36b3bca2,,,0,0,0,0,0,0,0,0,0,0,0,1,0,EXPERIMENTAL,"research run output/log artifact (evidence of past runs, not code)",,
QuantumEdge/output/fib3/sweep_deep_SPY_20260419T170132.json,QuantumEdge,.json,649,30,1395306a7b74247bbbfe032f087c16199c2d83570cbc8e4b939167c8bf1ef6f8,,,0,0,0,0,0,0,0,0,0,0,0,1,0,EXPERIMENTAL,"research run output/log artifact (evidence of past runs, not code)",,
QuantumEdge/output/fib3/sweep_deep_XLK_20260419T170133.json,QuantumEdge,.json,642,30,e6304605ba1fce8089862a23a69973d1e80b96ba41e99a2aedb7eaad9f341731,,,0,0,0,0,0,0,0,0,0,0,0,1,0,EXPERIMENTAL,"research run output/log artifact (evidence of past runs, not code)",,
QuantumEdge/output/fib3/tier_A_SPY_20260419T170131.json,QuantumEdge,.json,647,30,7c0b7d2e45912fddecf47383ca80f7379e9567d0142bfeec1d5f39f853d4ed70,,,0,0,0,0,0,0,0,0,0,0,0,1,0,EXPERIMENTAL,"research run output/log artifact (evidence of past runs, not code)",,
QuantumEdge/output/fib3/tier_A_XLK_20260419T170133.json,QuantumEdge,.json,642,30,898dec7528a8d33ce49620d16fb0c546badec80859c4448d279d4fea86346c4b,,,0,0,0,0,0,0,0,0,0,0,0,1,0,EXPERIMENTAL,"research run output/log artifact (evidence of past runs, not code)",,
QuantumEdge/output/fib3/tier_B_SPY_20260419T170131.json,QuantumEdge,.json,642,30,d72ba4bacae41f1fe3aa49c24911e7cf57542a7403b24fee1908a436707cac3a,,,0,0,0,0,0,0,0,0,0,0,0,1,0,EXPERIMENTAL,"research run output/log artifact (evidence of past runs, not code)",,
QuantumEdge/output/fib3/tier_B_XLK_20260419T170133.json,QuantumEdge,.json,645,30,8b36c285128ab738a78794f188c820cbff2298c5c946d994c9313e29638a3499,,,0,0,0,0,0,0,0,0,0,0,0,1,0,EXPERIMENTAL,"research run output/log artifact (evidence of past runs, not code)",,
QuantumEdge/output/fib3/tier_C_SPY_20260419T170130.json,QuantumEdge,.json,646,30,8255f25f866752e70f132fd5d7a72997c016c8a1c857c4397e923765bce40bc8,,,0,0,0,0,0,0,0,0,0,0,0,1,0,EXPERIMENTAL,"research run output/log artifact (evidence of past runs, not code)",,
QuantumEdge/output/fib3/tier_C_XLK_20260419T170133.json,QuantumEdge,.json,643,30,052c1227dadb48b16d56367c30e74e293d3d4529b7eb8611fc3ada4d2c677892,,,0,0,0,0,0,0,0,0,0,0,0,1,0,EXPERIMENTAL,"research run output/log artifact (evidence of past runs, not code)",,
QuantumEdge/output/fib3/tier_D_broad_SPY_20260419T170130.json,QuantumEdge,.json,652,30,b94275a4767da5c369b3e9dee8a94eb71e2c81464bfcd78c3866f4117fa6c3b2,,,0,0,0,0,0,0,0,0,0,0,0,1,0,EXPERIMENTAL,"research run output/log artifact (evidence of past runs, not code)",,
QuantumEdge/output/fib3/tier_D_broad_XLK_20260419T170132.json,QuantumEdge,.json,649,30,65d03701917bcb7f14e2ff8c4f0d6d45739bdce85169f5a0a826d5ff68707122,,,0,0,0,0,0,0,0,0,0,0,0,1,0,EXPERIMENTAL,"research run output/log artifact (evidence of past runs, not code)",,
QuantumEdge/output/fib4/qqq_midzone_only_QQQ_20260419T173755.json,QuantumEdge,.json,806,38,c9e4c5a1aa98d31e63efc8cc418112e5d17f23c52110d1dd381d4901bc4022b0,,,0,0,0,0,0,0,0,0,0,0,0,1,0,EXPERIMENTAL,"research run output/log artifact (evidence of past runs, not code)",,
QuantumEdge/output/fib4/qqq_midzone_only_QQQ_20260419T173859.json,QuantumEdge,.json,806,38,c9e4c5a1aa98d31e63efc8cc418112e5d17f23c52110d1dd381d4901bc4022b0,,,0,0,0,0,0,0,0,0,0,0,0,1,0,EXPERIMENTAL,"research run output/log artifact (evidence of past runs, not code)",,
QuantumEdge/output/fib4/qqq_tierA_1h_confirm_QQQ_20260419T173754.json,QuantumEdge,.json,816,38,62c89702c7c3f971285c7aa2022a10179d115620cd643bc54d22d82fdc6f9246,,,0,0,0,0,0,0,0,0,0,0,0,1,0,EXPERIMENTAL,"research run output/log artifact (evidence of past runs, not code)",,
QuantumEdge/output/fib4/qqq_tierA_1h_confirm_QQQ_20260419T173859.json,QuantumEdge,.json,816,38,62c89702c7c3f971285c7aa2022a10179d115620cd643bc54d22d82fdc6f9246,,,0,0,0,0,0,0,0,0,0,0,0,1,0,EXPERIMENTAL,"research run output/log artifact (evidence of past runs, not code)",,
QuantumEdge/output/fib4/qqq_tierA_baseline_QQQ_20260419T173751.json,QuantumEdge,.json,796,38,9a4ea8e971880815ddfc4759101a1f7b3aed2778fe8d484901038489721e4251,,,0,0,0,0,0,0,0,0,0,0,0,1,0,EXPERIMENTAL,"research run output/log artifact (evidence of past runs, not code)",,
QuantumEdge/output/fib4/qqq_tierA_baseline_QQQ_20260419T173857.json,QuantumEdge,.json,796,38,9a4ea8e971880815ddfc4759101a1f7b3aed2778fe8d484901038489721e4251,,,0,0,0,0,0,0,0,0,0,0,0,1,0,EXPERIMENTAL,"research run output/log artifact (evidence of past runs, not code)",,
QuantumEdge/output/fib4/spy_midzone_only_SPY_20260419T173752.json,QuantumEdge,.json,811,38,3e3fd105dd758e5cdfece60a2a9788d80c105eea7818790a5e8e275b13ebfdcb,,,0,0,0,0,0,0,0,0,0,0,0,1,0,EXPERIMENTAL,"research run output/log artifact (evidence of past runs, not code)",,
QuantumEdge/output/fib4/spy_midzone_only_SPY_20260419T173858.json,QuantumEdge,.json,811,38,3e3fd105dd758e5cdfece60a2a9788d80c105eea7818790a5e8e275b13ebfdcb,,,0,0,0,0,0,0,0,0,0,0,0,1,0,EXPERIMENTAL,"research run output/log artifact (evidence of past runs, not code)",,
QuantumEdge/output/fib4/spy_tierA_1h_confirm_SPY_20260419T173751.json,QuantumEdge,.json,814,38,5723dc9623b79c304c15a7d645dbc57f0007821b20c799a3c940cfbb1a039240,,,0,0,0,0,0,0,0,0,0,0,0,1,0,EXPERIMENTAL,"research run output/log artifact (evidence of past runs, not code)",,
QuantumEdge/output/fib4/spy_tierA_1h_confirm_SPY_20260419T173858.json,QuantumEdge,.json,814,38,5723dc9623b79c304c15a7d645dbc57f0007821b20c799a3c940cfbb1a039240,,,0,0,0,0,0,0,0,0,0,0,0,1,0,EXPERIMENTAL,"research run output/log artifact (evidence of past runs, not code)",,
QuantumEdge/output/fib4/spy_tierA_baseline_SPY_20260419T173749.json,QuantumEdge,.json,813,38,a92e42d395ac19ce61785e3abbb747eb98554499bca1ffdadb409ae640ba5c83,,,0,0,0,0,0,0,0,0,0,0,0,1,0,EXPERIMENTAL,"research run output/log artifact (evidence of past runs, not code)",,
QuantumEdge/output/fib4/spy_tierA_baseline_SPY_20260419T173857.json,QuantumEdge,.json,813,38,a92e42d395ac19ce61785e3abbb747eb98554499bca1ffdadb409ae640ba5c83,,,0,0,0,0,0,0,0,0,0,0,0,1,0,EXPERIMENTAL,"research run output/log artifact (evidence of past runs, not code)",,
QuantumEdge/output/fib4/spy_tierA_nextbar_confirm_SPY_20260419T173751.json,QuantumEdge,.json,806,38,319dfb8798490471edb77cb94266af48744974e12a3dd67d5f396c3b01c8aef4,,,0,0,0,0,0,0,0,0,0,0,0,1,0,EXPERIMENTAL,"research run output/log artifact (evidence of past runs, not code)",,
QuantumEdge/output/fib4/spy_tierA_nextbar_confirm_SPY_20260419T173857.json,QuantumEdge,.json,806,38,319dfb8798490471edb77cb94266af48744974e12a3dd67d5f396c3b01c8aef4,,,0,0,0,0,0,0,0,0,0,0,0,1,0,EXPERIMENTAL,"research run output/log artifact (evidence of past runs, not code)",,
QuantumEdge/output/fib4/spy_tierA_touch_rejection_SPY_20260419T173751.json,QuantumEdge,.json,816,38,df3ca171003b74f482dc515c1c2b96a1894817c21b5e7e175e3068faf946bf28,,,0,0,0,0,0,0,0,0,0,0,0,1,0,EXPERIMENTAL,"research run output/log artifact (evidence of past runs, not code)",,
QuantumEdge/output/fib4/spy_tierA_touch_rejection_SPY_20260419T173857.json,QuantumEdge,.json,816,38,df3ca171003b74f482dc515c1c2b96a1894817c21b5e7e175e3068faf946bf28,,,0,0,0,0,0,0,0,0,0,0,0,1,0,EXPERIMENTAL,"research run output/log artifact (evidence of past runs, not code)",,
QuantumEdge/output/fib4/xlk_sweep_deep_1h_confirm_XLK_20260419T173753.json,QuantumEdge,.json,829,38,2e44ca396c35d475d1e25d711adb022865c58c328c9eee65a79c5ceae2227c15,,,0,0,0,0,0,0,0,0,0,0,0,1,0,EXPERIMENTAL,"research run output/log artifact (evidence of past runs, not code)",,
QuantumEdge/output/fib4/xlk_sweep_deep_1h_confirm_XLK_20260419T173859.json,QuantumEdge,.json,829,38,2e44ca396c35d475d1e25d711adb022865c58c328c9eee65a79c5ceae2227c15,,,0,0,0,0,0,0,0,0,0,0,0,1,0,EXPERIMENTAL,"research run output/log artifact (evidence of past runs, not code)",,
QuantumEdge/output/fib4/xlk_sweep_deep_baseline_XLK_20260419T173750.json,QuantumEdge,.json,808,38,1c07a6c5672da7edd36d5061fc2b72a50dd53ab770b747096e9a3af33356db07,,,0,0,0,0,0,0,0,0,0,0,0,1,0,EXPERIMENTAL,"research run output/log artifact (evidence of past runs, not code)",,
QuantumEdge/output/fib4/xlk_sweep_deep_baseline_XLK_20260419T173857.json,QuantumEdge,.json,808,38,1c07a6c5672da7edd36d5061fc2b72a50dd53ab770b747096e9a3af33356db07,,,0,0,0,0,0,0,0,0,0,0,0,1,0,EXPERIMENTAL,"research run output/log artifact (evidence of past runs, not code)",,
QuantumEdge/output/fib4/xlk_sweep_deep_rejection_XLK_20260419T173752.json,QuantumEdge,.json,816,38,90ff336eeb627e2f9b9773a4d1e4cf0d8bdbd16a24dd9f54e862d16d0ce83096,,,0,0,0,0,0,0,0,0,0,0,0,1,0,EXPERIMENTAL,"research run output/log artifact (evidence of past runs, not code)",,
QuantumEdge/output/fib4/xlk_sweep_deep_rejection_XLK_20260419T173858.json,QuantumEdge,.json,816,38,90ff336eeb627e2f9b9773a4d1e4cf0d8bdbd16a24dd9f54e862d16d0ce83096,,,0,0,0,0,0,0,0,0,0,0,0,1,0,EXPERIMENTAL,"research run output/log artifact (evidence of past runs, not code)",,
QuantumEdge/output/logs/ablation_ibs_added_20260419T142935.log,QuantumEdge,.log,44236,473,f100515a890bff7ed2e609aa3bfd2c9925dafe5342b2deb3f7b66a529d6df4bf,,,0,0,0,0,0,0,0,0,0,0,0,1,0,EXPERIMENTAL,"research run output/log artifact (evidence of past runs, not code)",,
QuantumEdge/output/logs/ablation_no_letf_20260419T141505.log,QuantumEdge,.log,45767,498,62f2e4eec8ed242d13db700f885d59d11a27e07983664e887379715472610c4d,,,0,0,0,0,0,0,0,0,0,0,0,1,0,EXPERIMENTAL,"research run output/log artifact (evidence of past runs, not code)",,
QuantumEdge/output/logs/ablation_no_letf_20260419T141751.log,QuantumEdge,.log,45767,498,62f2e4eec8ed242d13db700f885d59d11a27e07983664e887379715472610c4d,,,0,0,0,0,0,0,0,0,0,0,0,1,0,EXPERIMENTAL,"research run output/log artifact (evidence of past runs, not code)",,
QuantumEdge/output/logs/ablation_no_letf_20260419T142824.log,QuantumEdge,.log,44234,473,08046db7b0c6e5ed0334b0921ce968a9a133cd964d7fe7a093079c3d962903f6,,,0,0,0,0,0,0,0,0,0,0,0,1,0,EXPERIMENTAL,"research run output/log artifact (evidence of past runs, not code)",,
QuantumEdge/output/logs/ablation_no_regime_filter_20260419T141454.log,QuantumEdge,.log,45767,498,62f2e4eec8ed242d13db700f885d59d11a27e07983664e887379715472610c4d,,,0,0,0,0,0,0,0,0,0,0,0,1,0,EXPERIMENTAL,"research run output/log artifact (evidence of past runs, not code)",,
QuantumEdge/output/logs/ablation_no_regime_filter_20260419T141740.log,QuantumEdge,.log,45767,498,62f2e4eec8ed242d13db700f885d59d11a27e07983664e887379715472610c4d,,,0,0,0,0,0,0,0,0,0,0,0,1,0,EXPERIMENTAL,"research run output/log artifact (evidence of past runs, not code)",,
QuantumEdge/output/logs/ablation_no_regime_filter_20260419T142721.log,QuantumEdge,.log,43362,459,293bd5920acb4cc8999d8bb05ebbb90a0bf5e40b7bdc47d73fc203d86f9105e7,,,0,0,0,0,0,0,0,0,0,0,0,1,0,EXPERIMENTAL,"research run output/log artifact (evidence of past runs, not code)",,
QuantumEdge/output/logs/ablation_no_value_tilt_20260419T141511.log,QuantumEdge,.log,45767,498,62f2e4eec8ed242d13db700f885d59d11a27e07983664e887379715472610c4d,,,0,0,0,0,0,0,0,0,0,0,0,1,0,EXPERIMENTAL,"research run output/log artifact (evidence of past runs, not code)",,
QuantumEdge/output/logs/ablation_no_value_tilt_20260419T142849.log,QuantumEdge,.log,44274,473,67945d3e8031d391e0385db88588e5a56cd56865a6aa403b341afb744bb9d648,,,0,0,0,0,0,0,0,0,0,0,0,0,0,EXPERIMENTAL,"research run output/log artifact (evidence of past runs, not code)",,
QuantumEdge/output/logs/ablation_spy_only_regime_20260419T141459.log,QuantumEdge,.log,45767,498,62f2e4eec8ed242d13db700f885d59d11a27e07983664e887379715472610c4d,,,0,0,0,0,0,0,0,0,0,0,0,1,0,EXPERIMENTAL,"research run output/log artifact (evidence of past runs, not code)",,
QuantumEdge/output/logs/ablation_spy_only_regime_20260419T141745.log,QuantumEdge,.log,45767,498,62f2e4eec8ed242d13db700f885d59d11a27e07983664e887379715472610c4d,,,0,0,0,0,0,0,0,0,0,0,0,1,0,EXPERIMENTAL,"research run output/log artifact (evidence of past runs, not code)",,
QuantumEdge/output/logs/ablation_spy_only_regime_20260419T142757.log,QuantumEdge,.log,44178,472,cfbe7b36cf41e4468a60328783861e0053ac87a3c62ac89b33656f75c0efa086,,,0,0,0,0,0,0,0,0,0,0,0,1,0,EXPERIMENTAL,"research run output/log artifact (evidence of past runs, not code)",,
QuantumEdge/output/logs/alloc_100_sectors_20260419T141517.log,QuantumEdge,.log,45767,498,62f2e4eec8ed242d13db700f885d59d11a27e07983664e887379715472610c4d,,,0,0,0,0,0,0,0,0,0,0,0,1,0,EXPERIMENTAL,"research run output/log artifact (evidence of past runs, not code)",,
QuantumEdge/output/logs/alloc_100_sectors_20260419T141757.log,QuantumEdge,.log,45767,498,62f2e4eec8ed242d13db700f885d59d11a27e07983664e887379715472610c4d,,,0,0,0,0,0,0,0,0,0,0,0,1,0,EXPERIMENTAL,"research run output/log artifact (evidence of past runs, not code)",,
QuantumEdge/output/logs/alloc_100_sectors_20260419T143312.log,QuantumEdge,.log,30317,322,d667a84ebda5122d03b0df97068eac77f3479feace67a2eceb918c8e848010bd,,,0,0,0,0,0,0,0,0,0,0,0,1,0,EXPERIMENTAL,"research run output/log artifact (evidence of past runs, not code)",,
QuantumEdge/output/logs/alloc_60_40_20260419T143034.log,QuantumEdge,.log,44165,472,2c4d544fd920f4731173ee34c06c38b741e6ed9d50dc9368506c4631f6551083,,,0,0,0,0,0,0,0,0,0,0,0,1,0,EXPERIMENTAL,"research run output/log artifact (evidence of past runs, not code)",,
QuantumEdge/output/logs/alloc_80_20_20260419T143212.log,QuantumEdge,.log,44165,472,b1cd2cceadc64298576c964b6bfc9874b00b130dcfca859baedbdfca19bf5840,,,0,0,0,0,0,0,0,0,0,0,0,1,0,EXPERIMENTAL,"research run output/log artifact (evidence of past runs, not code)",,
QuantumEdge/output/logs/baseline_a_plus_c_20260419T141436.log,QuantumEdge,.log,45767,498,62f2e4eec8ed242d13db700f885d59d11a27e07983664e887379715472610c4d,,,0,0,0,0,0,0,0,0,0,0,0,1,0,EXPERIMENTAL,"research run output/log artifact (evidence of past runs, not code)",,
QuantumEdge/output/logs/baseline_a_plus_c_20260419T141725.log,QuantumEdge,.log,45767,498,62f2e4eec8ed242d13db700f885d59d11a27e07983664e887379715472610c4d,,,0,0,0,0,0,0,0,0,0,0,0,1,0,EXPERIMENTAL,"research run output/log artifact (evidence of past runs, not code)",,
QuantumEdge/output/logs/baseline_a_plus_c_20260419T142219.log,QuantumEdge,.log,45840,499,c72b974273a11c512fb54663274944663fe7aa611cfebd733b962fba539d1847,,,0,0,0,0,0,0,0,0,0,0,0,1,0,EXPERIMENTAL,"research run output/log artifact (evidence of past runs, not code)",,
QuantumEdge/output/logs/baseline_a_plus_c_20260419T142554.log,QuantumEdge,.log,45776,498,a27fd692f1c4d8bf39b73b0229f21d3f4a02d8bc368c59091bf0261365cb422d,,,0,0,0,0,0,0,0,0,0,0,0,1,0,EXPERIMENTAL,"research run output/log artifact (evidence of past runs, not code)",,
QuantumEdge/output/logs/baseline_ibs_only_20260419T141449.log,QuantumEdge,.log,45767,498,62f2e4eec8ed242d13db700f885d59d11a27e07983664e887379715472610c4d,,,0,0,0,0,0,0,0,0,0,0,0,1,0,EXPERIMENTAL,"research run output/log artifact (evidence of past runs, not code)",,
QuantumEdge/output/logs/baseline_ibs_only_20260419T141735.log,QuantumEdge,.log,45767,498,62f2e4eec8ed242d13db700f885d59d11a27e07983664e887379715472610c4d,,,0,0,0,0,0,0,0,0,0,0,0,1,0,EXPERIMENTAL,"research run output/log artifact (evidence of past runs, not code)",,
QuantumEdge/output/logs/baseline_ibs_only_20260419T142638.log,QuantumEdge,.log,33360,361,1e10e3c1869efb15d469dd15ec38e4d76dced32413dfe7db6f84513dbbd47d5c,,,0,0,0,0,0,0,0,0,0,0,0,0,0,EXPERIMENTAL,"research run output/log artifact (evidence of past runs, not code)",,
QuantumEdge/output/logs/baseline_sectors_only_20260419T141443.log,QuantumEdge,.log,45767,498,62f2e4eec8ed242d13db700f885d59d11a27e07983664e887379715472610c4d,,,0,0,0,0,0,0,0,0,0,0,0,1,0,EXPERIMENTAL,"research run output/log artifact (evidence of past runs, not code)",,
QuantumEdge/output/logs/baseline_sectors_only_20260419T141730.log,QuantumEdge,.log,45767,498,62f2e4eec8ed242d13db700f885d59d11a27e07983664e887379715472610c4d,,,0,0,0,0,0,0,0,0,0,0,0,1,0,EXPERIMENTAL,"research run output/log artifact (evidence of past runs, not code)",,
QuantumEdge/output/logs/baseline_sectors_only_20260419T142616.log,QuantumEdge,.log,31989,349,cd52f2d7539f16a50b4fc4a6174520847a4a1d2927345e6c00aa23039df54a80,,,0,0,0,0,0,0,0,0,0,0,0,1,0,EXPERIMENTAL,"research run output/log artifact (evidence of past runs, not code)",,
QuantumEdge/output/logs/param_mom_12m_20260419T144010.log,QuantumEdge,.log,44728,482,114475780caa45904f86dfc0a0b1007211a16d54839d4e38c6dc12f3232cf6f4,,,0,0,0,0,0,0,0,0,0,0,0,0,0,EXPERIMENTAL,"research run output/log artifact (evidence of past runs, not code)",,
QuantumEdge/output/logs/param_mom_3m_20260419T143858.log,QuantumEdge,.log,44181,472,47c6cd25348765da5eb04939ecd7e90eccf45b747d10c943eef7a41ccbd7de65,,,0,0,0,0,0,0,0,0,0,0,0,0,0,EXPERIMENTAL,"research run output/log artifact (evidence of past runs, not code)",,
QuantumEdge/output/logs/param_top2_sectors_20260419T141534.log,QuantumEdge,.log,45767,498,62f2e4eec8ed242d13db700f885d59d11a27e07983664e887379715472610c4d,,,0,0,0,0,0,0,0,0,0,0,0,1,0,EXPERIMENTAL,"research run output/log artifact (evidence of past runs, not code)",,
QuantumEdge/output/logs/param_top2_sectors_20260419T141813.log,QuantumEdge,.log,45767,498,62f2e4eec8ed242d13db700f885d59d11a27e07983664e887379715472610c4d,,,0,0,0,0,0,0,0,0,0,0,0,1,0,EXPERIMENTAL,"research run output/log artifact (evidence of past runs, not code)",,
QuantumEdge/output/logs/param_top2_sectors_20260419T143429.log,QuantumEdge,.log,42643,472,7656db6e39b13e0777ce6fc98128c238dad9446c858d973b9f157303a5261cb4,,,0,0,0,0,0,0,0,0,0,0,0,1,0,EXPERIMENTAL,"research run output/log artifact (evidence of past runs, not code)",,
QuantumEdge/output/logs/param_top5_sectors_20260419T141540.log,QuantumEdge,.log,45767,498,62f2e4eec8ed242d13db700f885d59d11a27e07983664e887379715472610c4d,,,0,0,0,0,0,0,0,0,0,0,0,1,0,EXPERIMENTAL,"research run output/log artifact (evidence of past runs, not code)",,
QuantumEdge/output/logs/param_top5_sectors_20260419T141819.log,QuantumEdge,.log,45767,498,62f2e4eec8ed242d13db700f885d59d11a27e07983664e887379715472610c4d,,,0,0,0,0,0,0,0,0,0,0,0,1,0,EXPERIMENTAL,"research run output/log artifact (evidence of past runs, not code)",,
QuantumEdge/output/logs/param_top5_sectors_20260419T143600.log,QuantumEdge,.log,47242,472,be06e2e6e35e9b37d802c36d745ed5ec5e338114b5e33739d8b0e3038e3d5fee,,,0,0,0,0,0,0,0,0,0,0,0,1,0,EXPERIMENTAL,"research run output/log artifact (evidence of past runs, not code)",,
QuantumEdge/output/logs/rebal_monthly_20260419T141529.log,QuantumEdge,.log,45767,498,62f2e4eec8ed242d13db700f885d59d11a27e07983664e887379715472610c4d,,,0,0,0,0,0,0,0,0,0,0,0,1,0,EXPERIMENTAL,"research run output/log artifact (evidence of past runs, not code)",,
QuantumEdge/output/logs/rebal_monthly_20260419T141807.log,QuantumEdge,.log,45767,498,62f2e4eec8ed242d13db700f885d59d11a27e07983664e887379715472610c4d,,,0,0,0,0,0,0,0,0,0,0,0,1,0,EXPERIMENTAL,"research run output/log artifact (evidence of past runs, not code)",,
QuantumEdge/output/logs/rebal_monthly_20260419T143809.log,QuantumEdge,.log,22614,249,78e4478dbfaed448f4af890a718d5cadfe5fe7d28a1081731b4e001247749689,,,0,0,0,0,0,0,0,0,0,0,0,0,0,EXPERIMENTAL,"research run output/log artifact (evidence of past runs, not code)",,
QuantumEdge/output/logs/rebal_weekly_20260419T141523.log,QuantumEdge,.log,45767,498,62f2e4eec8ed242d13db700f885d59d11a27e07983664e887379715472610c4d,,,0,0,0,0,0,0,0,0,0,0,0,1,0,EXPERIMENTAL,"research run output/log artifact (evidence of past runs, not code)",,
QuantumEdge/output/logs/rebal_weekly_20260419T141802.log,QuantumEdge,.log,45767,498,62f2e4eec8ed242d13db700f885d59d11a27e07983664e887379715472610c4d,,,0,0,0,0,0,0,0,0,0,0,0,1,0,EXPERIMENTAL,"research run output/log artifact (evidence of past runs, not code)",,
QuantumEdge/output/logs/rebal_weekly_20260419T143713.log,QuantumEdge,.log,84926,894,1545ccf1da7aafe7f558dabb0fd71bfbb74d936137572b2dae0cfe7270ffad4e,,,0,0,0,0,0,0,0,0,0,0,0,1,0,EXPERIMENTAL,"research run output/log artifact (evidence of past runs, not code)",,
QuantumEdge/output/runs/baseline_current_best/20260419T145146/QuantumEdge.json,QuantumEdge,.json,7758901,141312,747946388ef50455e8d04e4ccd01e829f62ed6af561c7852ffe129a06b9de360,,,0,0,0,0,0,0,2064,0,0,0,0,11,0,EXPERIMENTAL,"research run output/log artifact (evidence of past runs, not code)",,
QuantumEdge/output/runs/baseline_current_best/20260419T145146/data-monitor.json,QuantumEdge,.json,344,1,bc6d5699269199f7bfafb53c1a9990ee2e4a2a60be9ee27dcc5a060145007b71,,,0,0,0,0,0,0,0,0,0,0,0,0,0,EXPERIMENTAL,"research run output/log artifact (evidence of past runs, not code)",,
QuantumEdge/output/runs/baseline_current_best/20260419T145146/lean.log,QuantumEdge,.log,44175,472,c715ab90a368102f36ed9ac44772f3aeb293afa941ce749ebadd1fad7914b41b,,,0,0,0,0,0,0,0,0,0,0,0,1,0,EXPERIMENTAL,"research run output/log artifact (evidence of past runs, not code)",,
QuantumEdge/output/runs/baseline_current_best/20260419T145146/manifest.json,QuantumEdge,.json,2146,44,b232a364478de1b629d62e9b244a1d6f35d9ff109027fe08b19f4f3e74880eaf,,,0,0,0,0,0,0,0,0,0,0,0,0,0,EXPERIMENTAL,"research run output/log artifact (evidence of past runs, not code)",,
QuantumEdge/output/runs/baseline_current_best/20260419T145146/result.json,QuantumEdge,.json,792,27,05a0c68fcab0b8cc945f22aaab523d15e77fc1bba56466994394f078e845d7a1,,,0,0,0,0,0,0,0,0,0,0,0,0,0,EXPERIMENTAL,"research run output/log artifact (evidence of past runs, not code)",,
QuantumEdge/output/runs/baseline_full/20260419T144118/QuantumEdge.json,QuantumEdge,.json,7758874,141312,f4de9a6b22f49397425cf1aa63d1290bc34b8ef402165fbdf580f097c3c7d5b6,,,0,0,0,0,0,0,2064,0,0,0,0,10,0,EXPERIMENTAL,"research run output/log artifact (evidence of past runs, not code)",,
QuantumEdge/output/runs/baseline_full/20260419T144118/data-monitor.json,QuantumEdge,.json,356,1,e5911d79c82484a22524c384da9e9b9860b508ae411c143bb1d8e9210f20209e,,,0,0,0,0,0,0,0,0,0,0,0,0,0,EXPERIMENTAL,"research run output/log artifact (evidence of past runs, not code)",,
QuantumEdge/output/runs/baseline_full/20260419T144118/lean.log,QuantumEdge,.log,44167,472,a86c18d0c6cc908e09773461a63b70278a554c306d2b73ed8ca8c95763945c22,,,0,0,0,0,0,0,0,0,0,0,0,1,0,EXPERIMENTAL,"research run output/log artifact (evidence of past runs, not code)",,
QuantumEdge/output/runs/baseline_full/20260419T144118/manifest.json,QuantumEdge,.json,2098,44,7100228f48c94e6d45d5684f8a43f22cdf87e104a6854657cc50e1b7e671634a,,,0,0,0,0,0,0,0,0,0,0,0,0,0,EXPERIMENTAL,"research run output/log artifact (evidence of past runs, not code)",,
QuantumEdge/output/runs/baseline_full/20260419T144118/result.json,QuantumEdge,.json,784,27,9a6695ccc724428678eb9ab4a7a0282ace8dc1a2e912eed494d95903216e6436,,,0,0,0,0,0,0,0,0,0,0,0,0,0,EXPERIMENTAL,"research run output/log artifact (evidence of past runs, not code)",,
QuantumEdge/output/runs/letf_0/20260419T145324/QuantumEdge.json,QuantumEdge,.json,7640890,140442,5c759de1c6ee7120025bf72127aa68a80bc52f9b3434de0cbcd12fc466fea001,,,0,0,0,0,0,0,2048,0,0,0,0,7,0,EXPERIMENTAL,"research run output/log artifact (evidence of past runs, not code)",,
QuantumEdge/output/runs/letf_0/20260419T145324/data-monitor.json,QuantumEdge,.json,344,1,bc6d5699269199f7bfafb53c1a9990ee2e4a2a60be9ee27dcc5a060145007b71,,,0,0,0,0,0,0,0,0,0,0,0,0,0,EXPERIMENTAL,"research run output/log artifact (evidence of past runs, not code)",,
QuantumEdge/output/runs/letf_0/20260419T145324/lean.log,QuantumEdge,.log,44225,473,6c5b53d413aaba6e04d8c2999fc932e4b68b53c0268b0469e51bcc78a691cc05,,,0,0,0,0,0,0,0,0,0,0,0,1,0,EXPERIMENTAL,"research run output/log artifact (evidence of past runs, not code)",,
QuantumEdge/output/runs/letf_0/20260419T145324/manifest.json,QuantumEdge,.json,2057,44,c38c06a29ce7fdd591b8679f5f6ded6336ad275697d74d8064fe93fcd8b3632e,,,0,0,0,0,0,0,0,0,0,0,0,0,0,EXPERIMENTAL,"research run output/log artifact (evidence of past runs, not code)",,
QuantumEdge/output/runs/letf_0/20260419T145324/result.json,QuantumEdge,.json,781,27,46b7f80c13bd36ee420ee62b595c03c25f45dc532200ce0ad1c691194b0574f1,,,0,0,0,0,0,0,0,0,0,0,0,0,0,EXPERIMENTAL,"research run output/log artifact (evidence of past runs, not code)",,
QuantumEdge/output/runs/letf_10/20260419T151246/QuantumEdge.json,QuantumEdge,.json,11682547,292231,25ef7e965cf45fed6254e1b09cfb173aa20eb406bcf55d0ce4d040319a65d36e,,,0,0,0,0,0,0,4901,0,0,0,0,16,0,EXPERIMENTAL,"research run output/log artifact (evidence of past runs, not code)",,
QuantumEdge/output/runs/letf_10/20260419T151246/data-monitor.json,QuantumEdge,.json,376,1,d713bc3f280cdcd9fcadfea96c73b7825a387301aca1f7b696e708a880a59fb4,,,0,0,0,0,0,0,0,0,0,0,0,0,0,EXPERIMENTAL,"research run output/log artifact (evidence of past runs, not code)",,
QuantumEdge/output/runs/letf_10/20260419T151246/lean.log,QuantumEdge,.log,91232,894,46d22877a8e16877bd1a784b9211edfceef5033bcc8277fbe9edb8191477ddc2,,,0,0,0,0,0,0,0,0,0,0,0,0,0,EXPERIMENTAL,"research run output/log artifact (evidence of past runs, not code)",,
QuantumEdge/output/runs/letf_10/20260419T151246/manifest.json,QuantumEdge,.json,2052,44,589054896d49eec2ef7ec8961a5b3d640b226ec033639a53acecf813ae3516c7,,,0,0,0,0,0,0,0,0,0,0,0,0,0,EXPERIMENTAL,"research run output/log artifact (evidence of past runs, not code)",,
QuantumEdge/output/runs/letf_10/20260419T151246/result.json,QuantumEdge,.json,783,27,cf301bcb36cc8ece9eb2db63359ebd3c6642b8947b2e1ecf57acae9e9f824aa8,,,0,0,0,0,0,0,0,0,0,0,0,0,0,EXPERIMENTAL,"research run output/log artifact (evidence of past runs, not code)",,
QuantumEdge/output/runs/letf_2p5/20260419T145351/QuantumEdge.json,QuantumEdge,.json,7730439,140937,8a2bc4d615b26e4cba24271b8537fe622e1a672f73afed49c3076d822a9e2af9,,,0,0,0,0,0,0,2058,0,0,0,0,10,0,EXPERIMENTAL,"research run output/log artifact (evidence of past runs, not code)",,
QuantumEdge/output/runs/letf_2p5/20260419T145351/data-monitor.json,QuantumEdge,.json,340,1,b15635907d6bc3dff681abe2119365ee480868ed92e40b5b35658587db7d04b3,,,0,0,0,0,0,0,0,0,0,0,0,0,0,EXPERIMENTAL,"research run output/log artifact (evidence of past runs, not code)",,
QuantumEdge/output/runs/letf_2p5/20260419T145351/lean.log,QuantumEdge,.log,44225,473,7463de885141503a7c0d328820a72ec4f34bb5c0c5c84bb1953b7f31ae454319,,,0,0,0,0,0,0,0,0,0,0,0,1,0,EXPERIMENTAL,"research run output/log artifact (evidence of past runs, not code)",,
QuantumEdge/output/runs/letf_2p5/20260419T145351/manifest.json,QuantumEdge,.json,2068,44,c2a0a0f9b5584ce6b6cb8465341e71b3b027ca6578adedd0db39d23d8840139d,,,0,0,0,0,0,0,0,0,0,0,0,0,0,EXPERIMENTAL,"research run output/log artifact (evidence of past runs, not code)",,
QuantumEdge/output/runs/letf_2p5/20260419T145351/result.json,QuantumEdge,.json,783,27,2958220f9088824f580bcb40a469b5ad2750a922ddc4ab4d3c0798b6261a2592,,,0,0,0,0,0,0,0,0,0,0,0,0,0,EXPERIMENTAL,"research run output/log artifact (evidence of past runs, not code)",,
QuantumEdge/output/runs/letf_7p5/20260419T145424/QuantumEdge.json,QuantumEdge,.json,7787495,141995,4088c0f7773ccf96874ea0cd1dd85752f0e4ae3144e68c9b4d16b6ffcd176110,,,0,0,0,0,0,0,2075,0,0,0,0,7,0,EXPERIMENTAL,"research run output/log artifact (evidence of past runs, not code)",,
QuantumEdge/output/runs/letf_7p5/20260419T145424/data-monitor.json,QuantumEdge,.json,352,1,6a63fa167444df2ecba71f5d4dd41bb787172b868e87d4341831734c51365d03,,,0,0,0,0,0,0,0,0,0,0,0,0,0,EXPERIMENTAL,"research run output/log artifact (evidence of past runs, not code)",,
QuantumEdge/output/runs/letf_7p5/20260419T145424/lean.log,QuantumEdge,.log,44226,473,893e3aa7f64cd1ba44e5b71ffc5bbd41f407cf25c76de280509ad64fbeba3187,,,0,0,0,0,0,0,0,0,0,0,0,1,0,EXPERIMENTAL,"research run output/log artifact (evidence of past runs, not code)",,
QuantumEdge/output/runs/letf_7p5/20260419T145424/manifest.json,QuantumEdge,.json,2068,44,8a6cc6e34ef37283d36bdd2d04104b1778fbcf5f4ea5a55dd22c1ab1808d9208,,,0,0,0,0,0,0,0,0,0,0,0,0,0,EXPERIMENTAL,"research run output/log artifact (evidence of past runs, not code)",,
QuantumEdge/output/runs/letf_7p5/20260419T145424/result.json,QuantumEdge,.json,782,27,ad2f6fcd46afe4d8fbe2aeea62776eab01f370cc1c90e745f281463fe9dc9e47,,,0,0,0,0,0,0,0,0,0,0,0,0,0,EXPERIMENTAL,"research run output/log artifact (evidence of past runs, not code)",,
QuantumEdge/output/runs/p5_top5_weekly_no_alloc/20260419T145251/QuantumEdge.json,QuantumEdge,.json,11518336,287347,f3a074bb55d80d64251296a91bd42c8b7e407d663dc2e7b7b2641e885075150d,,,0,0,0,0,0,0,4818,0,0,0,0,24,0,EXPERIMENTAL,"research run output/log artifact (evidence of past runs, not code)",,
QuantumEdge/output/runs/p5_top5_weekly_no_alloc/20260419T145251/data-monitor.json,QuantumEdge,.json,348,1,9cc8c38c54cc8ea44c045f2f77d9e0cb5dd766a09003bd231c0e7541279e5ada,,,0,0,0,0,0,0,0,0,0,0,0,0,0,EXPERIMENTAL,"research run output/log artifact (evidence of past runs, not code)",,
QuantumEdge/output/runs/p5_top5_weekly_no_alloc/20260419T145251/lean.log,QuantumEdge,.log,91312,895,0c4e24805375f451fbb96af1c16ea0006e94fc5c776fe4f0debafc618c4be820,,,0,0,0,0,0,0,0,0,0,0,0,0,0,EXPERIMENTAL,"research run output/log artifact (evidence of past runs, not code)",,
QuantumEdge/output/runs/p5_top5_weekly_no_alloc/20260419T145251/manifest.json,QuantumEdge,.json,2158,44,d23117a001a6491e1f0c2c7a0eae21dd75e9f5093c3d326d0ae8cac733dc1737,,,0,0,0,0,0,0,0,0,0,0,0,0,0,EXPERIMENTAL,"research run output/log artifact (evidence of past runs, not code)",,
QuantumEdge/output/runs/p5_top5_weekly_no_alloc/20260419T145251/result.json,QuantumEdge,.json,797,27,255b5c98358212064be21aeecf9aac4fd4cc462ac2e3cd6a7458b62043642f7b,,,0,0,0,0,0,0,0,0,0,0,0,0,0,EXPERIMENTAL,"research run output/log artifact (evidence of past runs, not code)",,
QuantumEdge/output/runs/param_top5_sectors_weekly/20260419T145216/QuantumEdge.json,QuantumEdge,.json,11586537,289758,db054803ef3206f5f84e4b61b16677fde81dd53c982e3a468da252c739c5de88,,,0,0,0,0,0,0,4858,0,0,0,0,32,0,EXPERIMENTAL,"research run output/log artifact (evidence of past runs, not code)",,
QuantumEdge/output/runs/param_top5_sectors_weekly/20260419T145216/data-monitor.json,QuantumEdge,.json,344,1,bc6d5699269199f7bfafb53c1a9990ee2e4a2a60be9ee27dcc5a060145007b71,,,0,0,0,0,0,0,0,0,0,0,0,0,0,EXPERIMENTAL,"research run output/log artifact (evidence of past runs, not code)",,
QuantumEdge/output/runs/param_top5_sectors_weekly/20260419T145216/lean.log,QuantumEdge,.log,91314,895,e656a5a20d4fd910eb14cabb78fa1bfa69937145b52596bf82baed5ed2ebc161,,,0,0,0,0,0,0,0,0,0,0,0,0,0,EXPERIMENTAL,"research run output/log artifact (evidence of past runs, not code)",,
QuantumEdge/output/runs/param_top5_sectors_weekly/20260419T145216/manifest.json,QuantumEdge,.json,2160,44,276b6c06f98790eed88f3cf54604c84d2f27cd4e7cdeb723a5531545d40ecfb7,,,0,0,0,0,0,0,0,0,0,0,0,0,0,EXPERIMENTAL,"research run output/log artifact (evidence of past runs, not code)",,
QuantumEdge/output/runs/param_top5_sectors_weekly/20260419T145216/result.json,QuantumEdge,.json,799,27,64c3a89d799bbce0bae331ee7bf51583ba983603504302b9c51b38d8ca831b99,,,0,0,0,0,0,0,0,0,0,0,0,0,0,EXPERIMENTAL,"research run output/log artifact (evidence of past runs, not code)",,
QuantumEdge/output/runs/sectors_only/20260419T144212/QuantumEdge.json,QuantumEdge,.json,4249297,60500,f5424a46d273e32dd761bf2e8c6511609041a490ac913517d7cf5070cd635d1b,,,0,0,0,0,0,0,438,0,0,0,0,10,0,EXPERIMENTAL,"research run output/log artifact (evidence of past runs, not code)",,
QuantumEdge/output/runs/sectors_only/20260419T144212/data-monitor.json,QuantumEdge,.json,348,1,9cc8c38c54cc8ea44c045f2f77d9e0cb5dd766a09003bd231c0e7541279e5ada,,,0,0,0,0,0,0,0,0,0,0,0,0,0,EXPERIMENTAL,"research run output/log artifact (evidence of past runs, not code)",,
QuantumEdge/output/runs/sectors_only/20260419T144212/lean.log,QuantumEdge,.log,30312,322,01ddc7b3dfd13031a6cf7666ee3e6349479823cb328ea932f244b63572c3a4f3,,,0,0,0,0,0,0,0,0,0,0,0,1,0,EXPERIMENTAL,"research run output/log artifact (evidence of past runs, not code)",,
QuantumEdge/output/runs/sectors_only/20260419T144212/manifest.json,QuantumEdge,.json,2069,43,10c391595443dbf42e0b761cde620543af47e7987e50a4d35be984053e9f7d2a,,,0,0,0,0,0,0,0,0,0,0,0,0,0,EXPERIMENTAL,"research run output/log artifact (evidence of past runs, not code)",,
QuantumEdge/output/runs/sectors_only/20260419T144212/result.json,QuantumEdge,.json,786,27,092bfb35563d4b8bd21e17b27c8d34f32c69b5c5acf185ae00b6911e9671aff0,,,0,0,0,0,0,0,0,0,0,0,0,0,0,EXPERIMENTAL,"research run output/log artifact (evidence of past runs, not code)",,
QuantumEdge/output/runs/sectors_plus_ibs/20260419T144318/QuantumEdge.json,QuantumEdge,.json,7758864,141312,97af5e11e0ff476cfcb657f6bff5be290943ac0e8cc44738c1a575259b85d31a,,,0,0,0,0,0,0,2064,0,0,0,0,11,0,EXPERIMENTAL,"research run output/log artifact (evidence of past runs, not code)",,
QuantumEdge/output/runs/sectors_plus_ibs/20260419T144318/data-monitor.json,QuantumEdge,.json,360,1,2f57dd6bc1640304bd9b155192f387863b4caf0070c2b7886e369ec07ade2f3c,,,0,0,0,0,0,0,0,0,0,0,0,0,0,EXPERIMENTAL,"research run output/log artifact (evidence of past runs, not code)",,
QuantumEdge/output/runs/sectors_plus_ibs/20260419T144318/lean.log,QuantumEdge,.log,44170,472,9cada48ff601a27ca57778b0684c43ef8bc79ace9c598f38091871c39c6c93a7,,,0,0,0,0,0,0,0,0,0,0,0,1,0,EXPERIMENTAL,"research run output/log artifact (evidence of past runs, not code)",,
QuantumEdge/output/runs/sectors_plus_ibs/20260419T144318/manifest.json,QuantumEdge,.json,2116,44,5a6dec46f985c608c72bddaefce9cfc9ab679f7085eafff79e799181e00c32f8,,,0,0,0,0,0,0,0,0,0,0,0,0,0,EXPERIMENTAL,"research run output/log artifact (evidence of past runs, not code)",,
QuantumEdge/output/runs/sectors_plus_ibs/20260419T144318/result.json,QuantumEdge,.json,787,27,110aad477b6dae1558515de0e07d8d28b93c8ba878825cf578cc8e8423b7476d,,,0,0,0,0,0,0,0,0,0,0,0,0,0,EXPERIMENTAL,"research run output/log artifact (evidence of past runs, not code)",,
QuantumEdge/output/runs/top_n_4_midpoint/20260419T145459/QuantumEdge.json,QuantumEdge,.json,8092893,151253,6f9a63e6dc3b231d3da4fd4ce909b001e7cadfc6900adacae47b1042f193688c,,,0,0,0,0,0,0,2233,0,0,0,0,15,0,EXPERIMENTAL,"research run output/log artifact (evidence of past runs, not code)",,
QuantumEdge/output/runs/top_n_4_midpoint/20260419T145459/data-monitor.json,QuantumEdge,.json,368,1,ef79ee9833982b4f11004f3d6381e3d775733f5750214a8d748e620730604ee1,,,0,0,0,0,0,0,0,0,0,0,0,0,0,EXPERIMENTAL,"research run output/log artifact (evidence of past runs, not code)",,
QuantumEdge/output/runs/top_n_4_midpoint/20260419T145459/lean.log,QuantumEdge,.log,45702,472,9be1f9214df45140961b3ab8a9f2564e0358a1b1a2bbe59eae7159db220df856,,,0,0,0,0,0,0,0,0,0,0,0,1,0,EXPERIMENTAL,"research run output/log artifact (evidence of past runs, not code)",,
QuantumEdge/output/runs/top_n_4_midpoint/20260419T145459/manifest.json,QuantumEdge,.json,2116,44,769fadeb1e4578d674cd55c0c04304b9be562314d4a85bd1d3fa697f17d0d441,,,0,0,0,0,0,0,0,0,0,0,0,0,0,EXPERIMENTAL,"research run output/log artifact (evidence of past runs, not code)",,
QuantumEdge/output/runs/top_n_4_midpoint/20260419T145459/result.json,QuantumEdge,.json,789,27,51b1b524a6136187a3ee0f38be9ab5a7a9387cbeb2261b31a5fb3c4695131b61,,,0,0,0,0,0,0,0,0,0,0,0,0,0,EXPERIMENTAL,"research run output/log artifact (evidence of past runs, not code)",,
QuantumEdge/quantum_edge_equity.png,QuantumEdge,.png,423718,0,147780d65cf9a8cefc680ab6e15ffa40f96bfcbb794db8a6c3b352dcd363e568,,,0,0,0,0,0,0,0,0,0,0,0,0,0,SCAFFOLD,infra/config file,,
QuantumEdge/research/__init__.py,QuantumEdge,.py,0,0,e3b0c44298fc1c149afbf4c8996fb92427ae41e4649b934ca495991b7852b855,research,True,0,0,0,0,0,0,0,0,0,0,0,0,0,EXPERIMENTAL,research/backtest code; no reproducible manifest verified yet,OK,
QuantumEdge/research/analytics.py,QuantumEdge,.py,9379,237,3256fb04c54c709c38f28dde61b581041d3f67e2610f6830a490244beb5035cc,research.analytics,True,6,0,1,0,0,0,0,0,0,0,0,0,0,EXPERIMENTAL,research/backtest code; no reproducible manifest verified yet,OK,
QuantumEdge/research/experiments.py,QuantumEdge,.py,20278,488,55460d502567021d7fdd880a5278b1e73a849c9233253d18cfa609b33d42f2ad,research.experiments,True,2,0,0,0,0,0,0,0,0,0,0,0,0,EXPERIMENTAL,research/backtest code; no reproducible manifest verified yet,OK,
QuantumEdge/research/fib/__init__.py,QuantumEdge,.py,45,1,a891af18f599cea4d35bcebdc24f88a31521585813cb42c92e80962a5cc1f5fd,research.fib,True,0,0,0,0,0,0,0,0,0,0,0,0,0,EXPERIMENTAL,research/backtest code; no reproducible manifest verified yet,OK,
QuantumEdge/research/fib/backtester.py,QuantumEdge,.py,8517,239,5b8808e658dfc77e014ce031d9238ac43f28296ac2151a6e0cb9a22a31d7f5b7,research.fib.backtester,True,1,0,0,0,0,0,0,0,0,0,1,1,0,EXPERIMENTAL,research/backtest code; no reproducible manifest verified yet,OK,
QuantumEdge/research/fib/data.py,QuantumEdge,.py,5266,165,a469292400aa5a5da0171ffe57503ece79c093603e65d2cb435c32a342f49a26,research.fib.data,True,4,0,0,0,0,0,0,0,0,0,0,0,0,EXPERIMENTAL,research/backtest code; no reproducible manifest verified yet,OK,
QuantumEdge/research/fib/detector.py,QuantumEdge,.py,12286,369,582c7382f7d340a835660cc439d76f8dbe6dd3dd9f12386979e74247241e5911,research.fib.detector,True,6,0,0,0,0,0,0,0,0,0,0,4,0,EXPERIMENTAL,research/backtest code; no reproducible manifest verified yet,OK,
QuantumEdge/research/fib/experiments.py,QuantumEdge,.py,5160,136,4d65d429395dd1f48f7a3a071a5b4577f25f64252b5940b8475b6be30002438b,research.fib.experiments,True,2,0,0,0,0,0,0,0,0,0,0,16,0,EXPERIMENTAL,research/backtest code; no reproducible manifest verified yet,OK,
QuantumEdge/research/fib/model.py,QuantumEdge,.py,12401,296,d740e0401e2e0a48f2d3017ab68b8da019d72e9dc1953d6ed1ed177e350d0b88,research.fib.model,True,3,0,0,0,0,0,0,0,0,0,0,12,0,EXPERIMENTAL,research/backtest code; no reproducible manifest verified yet,OK,
QuantumEdge/research/fib/run.py,QuantumEdge,.py,13037,371,c0e5db2c56905d08ab780ab81f06e5a96b54bfe4a55703ab6c2aa19a9d8bb247,research.fib.run,True,9,1,1,0,0,0,0,0,0,0,0,1,0,EXPERIMENTAL,research/backtest code; no reproducible manifest verified yet,OK,
QuantumEdge/research/fib2/__init__.py,QuantumEdge,.py,61,1,3a03d8a229fb12e31020659b14233b0708392ed342a9cee5d6b20ae336489bc7,research.fib2,True,0,0,0,0,0,0,0,0,0,0,0,0,0,EXPERIMENTAL,research/backtest code; no reproducible manifest verified yet,OK,
QuantumEdge/research/fib2/backtester.py,QuantumEdge,.py,19164,613,d2145675b6bf2612a99ee457705d14f21ce113945086b5aac8cd6feb54571f49,research.fib2.backtester,True,7,0,0,0,0,0,0,0,0,0,1,1,0,EXPERIMENTAL,research/backtest code; no reproducible manifest verified yet,OK,
QuantumEdge/research/fib2/data.py,QuantumEdge,.py,8200,240,c6856724f3b73b43900f9eb0bc9d664b00ebedb9406832dd345ac979d043667b,research.fib2.data,True,8,0,1,0,0,0,0,0,0,0,0,0,0,EXPERIMENTAL,research/backtest code; no reproducible manifest verified yet,OK,
QuantumEdge/research/fib2/detector.py,QuantumEdge,.py,13889,419,160e9a7378d3c840b361a1dc63a82c867a488f4e799b68d05c198ac57b5d1dc3,research.fib2.detector,True,8,0,0,0,0,0,0,0,0,0,0,5,0,EXPERIMENTAL,research/backtest code; no reproducible manifest verified yet,OK,
QuantumEdge/research/fib2/experiments.py,QuantumEdge,.py,7987,216,99f7279ae57a8185468d6f868e29862457110b79ade1bc036663d80bbc62d5df,research.fib2.experiments,True,2,0,0,0,0,0,0,0,0,0,0,18,0,EXPERIMENTAL,research/backtest code; no reproducible manifest verified yet,OK,
QuantumEdge/research/fib2/filters.py,QuantumEdge,.py,4398,146,3b0e9ceb411bfa5e574dde48a61ede5f776f04e4129463f592f17dc94299c5d9,research.fib2.filters,True,6,0,0,0,0,0,0,0,0,0,0,0,0,EXPERIMENTAL,research/backtest code; no reproducible manifest verified yet,OK,
QuantumEdge/research/fib2/model.py,QuantumEdge,.py,8248,188,148db5b946518318d29285f56a6fa62f30c5f8d1bb52752e503449e097831940,research.fib2.model,True,3,0,0,0,0,0,0,0,0,0,0,4,0,EXPERIMENTAL,research/backtest code; no reproducible manifest verified yet,OK,
QuantumEdge/research/fib2/run.py,QuantumEdge,.py,13591,384,d6971a0f5e2d8b95a5309135b593697da0ba1cb002614154cd6f2d2769b9c880,research.fib2.run,True,9,1,1,0,0,0,0,0,0,0,0,2,0,EXPERIMENTAL,research/backtest code; no reproducible manifest verified yet,OK,
QuantumEdge/research/fib3/__init__.py,QuantumEdge,.py,802,20,6e5532de56be8134c8a7233023e92e0cff6cb66cc6aa8bbafa84a294dccb7eef,research.fib3,True,0,0,0,0,0,0,0,0,0,0,0,0,0,EXPERIMENTAL,research/backtest code; no reproducible manifest verified yet,OK,
QuantumEdge/research/fib3/analysis.py,QuantumEdge,.py,4706,138,880a38ac32e6bbd98280768b3334d485246c82a48e881fbbcdb30e71481e262d,research.fib3.analysis,True,5,0,0,6,0,0,0,0,0,0,0,0,0,EXPERIMENTAL,research/backtest code; no reproducible manifest verified yet,OK,
QuantumEdge/research/fib3/backtester.py,QuantumEdge,.py,1137,41,34d7e2ec6c01e57e8b902a4e7e5bca1c33aaf70d7b683aaede6fe0b99ce5ca58,research.fib3.backtester,True,1,0,0,0,0,0,0,0,0,0,0,0,0,EXPERIMENTAL,research/backtest code; no reproducible manifest verified yet,OK,
QuantumEdge/research/fib3/detector.py,QuantumEdge,.py,16075,510,ca6014f205681f538a643f03c04efb0164782009111086eda551007cf3d3d197,research.fib3.detector,True,7,0,0,0,0,0,0,0,0,0,0,4,0,EXPERIMENTAL,research/backtest code; no reproducible manifest verified yet,OK,
QuantumEdge/research/fib3/experiments.py,QuantumEdge,.py,5037,138,7222bb336b7ee7627fbc938cb9c35954108be71d92030fbfa212c3208bd7489e,research.fib3.experiments,True,2,0,0,0,0,0,0,0,0,0,0,10,0,EXPERIMENTAL,research/backtest code; no reproducible manifest verified yet,OK,
QuantumEdge/research/fib3/fib_respect.py,QuantumEdge,.py,7477,223,d4d098e787886eaa2f912f5560a4d93c6fe7f036c64bd99293b99cb7a8de1af2,research.fib3.fib_respect,True,3,0,0,0,0,0,0,0,0,0,0,7,0,EXPERIMENTAL,research/backtest code; no reproducible manifest verified yet,OK,
QuantumEdge/research/fib3/model.py,QuantumEdge,.py,8404,223,b203b7ef5c5e6e7e31703bf31a440ff3ec042eefa745f304368b98436bf55115,research.fib3.model,True,5,0,0,0,0,0,0,0,0,0,0,4,0,EXPERIMENTAL,research/backtest code; no reproducible manifest verified yet,OK,
QuantumEdge/research/fib3/quality_scorer.py,QuantumEdge,.py,8541,280,a944f7dda5becc291fae9bc02bf37808ffd7e9dec6c34d8686784919b9c944c2,research.fib3.quality_scorer,True,6,0,0,0,0,0,0,0,0,0,0,0,0,EXPERIMENTAL,research/backtest code; no reproducible manifest verified yet,OK,
QuantumEdge/research/fib3/run.py,QuantumEdge,.py,13249,376,fc99e4c23164612394645d332029b65f02ce888db591a7a2b4b2660609e09712,research.fib3.run,True,9,1,1,0,0,0,0,0,0,0,0,1,0,EXPERIMENTAL,research/backtest code; no reproducible manifest verified yet,OK,
QuantumEdge/research/fib4/__init__.py,QuantumEdge,.py,2014,55,bfdee460f3f06a0eead7ca9aa91f0e471a4254e5d1682fffa3cf5d7200bd7413,research.fib4,True,0,0,0,0,0,0,0,0,0,0,0,0,0,EXPERIMENTAL,research/backtest code; no reproducible manifest verified yet,OK,
QuantumEdge/research/fib4/analysis.py,QuantumEdge,.py,11352,340,5b84874fd86a60914c9cb4484940bfc4b51e575204a5aef1a5016f49aa9ded9d,research.fib4.analysis,True,6,0,0,6,0,0,0,0,0,0,0,1,0,EXPERIMENTAL,research/backtest code; no reproducible manifest verified yet,OK,
QuantumEdge/research/fib4/backtester.py,QuantumEdge,.py,5241,166,6daa2c18d20d3d00491c6fae48c6ccb20c6fcff2321106d9863c8a75006a7f3a,research.fib4.backtester,True,2,0,0,0,0,0,0,0,0,0,0,0,0,EXPERIMENTAL,research/backtest code; no reproducible manifest verified yet,OK,
QuantumEdge/research/fib4/execution.py,QuantumEdge,.py,13510,371,db509ca44240f234303dcc698cd74cc81f1fa30f01667dc716e11e7063e34516,research.fib4.execution,True,6,0,0,0,0,0,0,0,0,0,0,0,0,EXPERIMENTAL,research/backtest code; no reproducible manifest verified yet,OK,
QuantumEdge/research/fib4/experiments.py,QuantumEdge,.py,10093,287,84b6d0e0296d7e26fa7c85e666142fe9e93c2b6f0d4b81a551c6eb651d9c3395,research.fib4.experiments,True,2,0,0,0,0,0,0,0,0,0,0,22,0,EXPERIMENTAL,research/backtest code; no reproducible manifest verified yet,OK,
QuantumEdge/research/fib4/model.py,QuantumEdge,.py,4151,97,405c56266e73d053f89a9fe8cb46c1fe6c820f46dd5d8658873f4ab073abd159,research.fib4.model,True,2,0,0,0,0,0,0,0,0,0,0,0,0,EXPERIMENTAL,research/backtest code; no reproducible manifest verified yet,OK,
QuantumEdge/research/fib4/run.py,QuantumEdge,.py,8994,252,2d1efc21acbcdc09938f3fbce51fe9110b2088e5415dddebdfc542552d1ee6e0,research.fib4.run,True,4,1,1,0,0,0,0,0,0,0,0,0,0,EXPERIMENTAL,research/backtest code; no reproducible manifest verified yet,OK,
QuantumEdge/research/fib5/__init__.py,QuantumEdge,.py,1901,48,549478cc4045f7c7d62392d6c264056d4edb1cd79cdc647ab11588e55bcaa9b0,research.fib5,True,0,0,0,0,0,0,0,0,0,0,0,0,0,EXPERIMENTAL,research/backtest code; no reproducible manifest verified yet,OK,
QuantumEdge/research/fib5/analysis.py,QuantumEdge,.py,17371,487,5e1ce57bd5529bca5821f0e820fce0ad58f9a15bfa73efc692dc228edb7c0b23,research.fib5.analysis,True,11,0,0,18,0,0,0,0,0,0,0,0,0,EXPERIMENTAL,research/backtest code; no reproducible manifest verified yet,OK,
QuantumEdge/research/fib5/backtester.py,QuantumEdge,.py,1790,59,d4e36a4340717b30b5db1a38dfd2bfc213e0f43382165014f2721f130b980419,research.fib5.backtester,True,2,0,0,0,0,0,0,0,0,0,0,0,0,EXPERIMENTAL,research/backtest code; no reproducible manifest verified yet,OK,
QuantumEdge/research/fib5/experiments.py,QuantumEdge,.py,4162,129,27723204181876b9a4f5e4cc6910aa773feda818ba09b0dcc389f652d0e8efe7,research.fib5.experiments,True,5,0,0,0,0,0,0,0,0,0,0,4,0,EXPERIMENTAL,research/backtest code; no reproducible manifest verified yet,OK,
QuantumEdge/research/fib5/model.py,QuantumEdge,.py,1726,43,43055c0905afbbc2f6619af796a2b021777568e9a056738f213697a5619c66ad,research.fib5.model,True,1,0,0,0,0,0,1,0,0,0,0,0,0,EXPERIMENTAL,research/backtest code; no reproducible manifest verified yet,OK,
QuantumEdge/research/fib5/regime.py,QuantumEdge,.py,2242,65,2da68ff0b191a4a663cbec556322d3d9720ca2bc8a30dd28049d2a77b9dec037,research.fib5.regime,True,1,0,0,0,0,0,0,0,0,0,0,0,0,EXPERIMENTAL,research/backtest code; no reproducible manifest verified yet,OK,
QuantumEdge/research/fib5/robustness.py,QuantumEdge,.py,6330,192,2b83bc7b4376dfec61a30a0e226c6e55c70dedfaabfc07af495175ec2a0ae793,research.fib5.robustness,True,4,0,0,0,0,0,0,0,0,0,0,2,0,EXPERIMENTAL,research/backtest code; no reproducible manifest verified yet,OK,
QuantumEdge/research/fib5/run.py,QuantumEdge,.py,12920,346,909f38b066ec26458f14f0c69ede478c75627ec4cedef83d2fd32cd62366243f,research.fib5.run,True,7,0,0,0,0,0,0,0,0,0,0,0,0,EXPERIMENTAL,research/backtest code; no reproducible manifest verified yet,OK,
QuantumEdge/research/fib5/walkforward.py,QuantumEdge,.py,4417,143,701c219118fea2e46da7ab6d7de29ea5a0b309ea8df0a08ec68ce7faa4334eac,research.fib5.walkforward,True,4,0,0,0,0,0,0,0,0,0,0,0,0,EXPERIMENTAL,research/backtest code; no reproducible manifest verified yet,OK,
QuantumEdge/research/fib6/__init__.py,QuantumEdge,.py,2057,56,f7c8ce65c7a95f4501a27cbe38ac3d529f42c14811c8e1fb993ead939a16df1e,research.fib6,True,0,0,0,0,0,0,0,0,0,0,0,0,0,EXPERIMENTAL,research/backtest code; no reproducible manifest verified yet,OK,
QuantumEdge/research/fib6/analysis.py,QuantumEdge,.py,22962,647,f422d8993ca947251c489637141b31b6990454ead62c538ddc7306f04bee0cd6,research.fib6.analysis,True,13,0,0,31,0,0,0,0,0,0,0,0,0,EXPERIMENTAL,research/backtest code; no reproducible manifest verified yet,OK,
QuantumEdge/research/fib6/backtester.py,QuantumEdge,.py,5759,175,203c301d284255fadcb98ffcf962899ec7b53a52504d043e8d1d9d45d11967e5,research.fib6.backtester,True,2,0,0,0,0,0,0,0,0,0,0,0,0,EXPERIMENTAL,research/backtest code; no reproducible manifest verified yet,OK,
QuantumEdge/research/fib6/execution.py,QuantumEdge,.py,5670,175,b00eca06a4668b6715f10589581af2f4a3dbcf6305f41ebe9acfd8b1c96677b7,research.fib6.execution,True,2,0,0,0,0,0,0,0,0,0,0,0,0,EXPERIMENTAL,research/backtest code; no reproducible manifest verified yet,OK,
QuantumEdge/research/fib6/experiments.py,QuantumEdge,.py,8611,238,1db389cc286c7809cb5916b2156f7e09ead289c6ff165812bf415ef1f2a5eb04,research.fib6.experiments,True,10,0,0,0,0,0,0,0,0,0,0,3,0,EXPERIMENTAL,research/backtest code; no reproducible manifest verified yet,OK,
QuantumEdge/research/fib6/model.py,QuantumEdge,.py,1563,40,be443da362a8716208755a8155c9f39a89260d64573daf8a7b2c4f074cc9fa5e,research.fib6.model,True,1,0,0,0,0,0,0,0,0,0,0,0,0,EXPERIMENTAL,research/backtest code; no reproducible manifest verified yet,OK,
QuantumEdge/research/fib6/portfolio.py,QuantumEdge,.py,7732,248,9cb76dd739a275d8e07ecf27a9c799db4e1b01ddea36ad3fa54e1baa10cc6372,research.fib6.portfolio,True,6,0,0,0,0,0,0,0,0,0,0,0,0,EXPERIMENTAL,research/backtest code; no reproducible manifest verified yet,OK,
QuantumEdge/research/fib6/regime.py,QuantumEdge,.py,3486,120,86e15525cd49ebf9d85280d7c22e3d7e833b248b6cd18f4996777301cd23e974,research.fib6.regime,True,5,0,0,0,0,0,0,0,0,0,0,0,0,EXPERIMENTAL,research/backtest code; no reproducible manifest verified yet,OK,
QuantumEdge/research/fib6/robustness.py,QuantumEdge,.py,8031,249,12ed7f5e6d6a0eeb11c44a80b2f80e188dbc176f5666d015d606967845e7ddb6,research.fib6.robustness,True,7,0,0,0,0,0,0,0,0,0,0,2,0,EXPERIMENTAL,research/backtest code; no reproducible manifest verified yet,OK,
QuantumEdge/research/fib6/run.py,QuantumEdge,.py,19659,593,ca5e8b09098ca5e4c17ab42ca8c3512f763ff311c16d3267a7d38656ec2ffff5,research.fib6.run,True,8,0,0,4,0,0,0,0,0,0,0,0,0,EXPERIMENTAL,research/backtest code; no reproducible manifest verified yet,OK,
QuantumEdge/research/fib7/__init__.py,QuantumEdge,.py,2007,43,87647ab22096c525a3dc7855907c470abfa57ad84aae45580a7dc4d74498388e,research.fib7,True,0,0,0,0,0,0,0,0,0,0,0,0,0,EXPERIMENTAL,research/backtest code; no reproducible manifest verified yet,OK,
QuantumEdge/research/fib7/analysis.py,QuantumEdge,.py,26673,745,16e45b295eb1491b35e6b41866c8f04be1e4e7474daf7ab7c5fc043ed9134701,research.fib7.analysis,True,14,0,0,41,0,0,0,0,0,0,0,0,0,EXPERIMENTAL,research/backtest code; no reproducible manifest verified yet,OK,
QuantumEdge/research/fib7/backtester.py,QuantumEdge,.py,5454,169,b9559fb90f4bf7ab0c234f15ad6f9d752e021764db880da0d4231545cd51ddbb,research.fib7.backtester,True,2,0,0,0,0,0,0,0,0,0,0,0,0,EXPERIMENTAL,research/backtest code; no reproducible manifest verified yet,OK,
QuantumEdge/research/fib7/experiments.py,QuantumEdge,.py,10560,296,2e274f822bb49a1efecb66b77609fcb2ace0607a58d59e970f5373e7df3c84f4,research.fib7.experiments,True,8,0,0,0,0,0,0,0,0,0,0,10,0,EXPERIMENTAL,research/backtest code; no reproducible manifest verified yet,OK,
QuantumEdge/research/fib7/live_spec.py,QuantumEdge,.py,12281,323,3a254fb9ad9af7f89f489a8d5d24adce842bfc84a308dab29273016d40749c04,research.fib7.live_spec,True,3,0,0,7,0,0,0,0,0,0,0,1,0,EXPERIMENTAL,research/backtest code; no reproducible manifest verified yet,OK,
QuantumEdge/research/fib7/model.py,QuantumEdge,.py,2999,63,4c7048c6820590300f56330f385196014191b53fd545e6f56d0bd27066c4b550,research.fib7.model,True,1,0,0,0,0,0,0,0,0,0,0,0,0,EXPERIMENTAL,research/backtest code; no reproducible manifest verified yet,OK,
QuantumEdge/research/fib7/regime.py,QuantumEdge,.py,5130,165,5022a90d76d182f0f78f2746eeeac514a781d2dda2a717f611938ba5e9caf57e,research.fib7.regime,True,5,0,0,0,0,0,0,0,0,0,0,0,0,EXPERIMENTAL,research/backtest code; no reproducible manifest verified yet,OK,
QuantumEdge/research/fib7/robustness.py,QuantumEdge,.py,6977,217,9de0c08de5e1d922c85568c53a474ccd9853f24a10b1b345f73c7067e7e7879a,research.fib7.robustness,True,5,0,0,0,0,0,0,0,0,0,0,0,0,EXPERIMENTAL,research/backtest code; no reproducible manifest verified yet,OK,
QuantumEdge/research/fib7/rotation.py,QuantumEdge,.py,11234,331,9ab6146aa867288914f65bf860a66afda2eaa4cd69bd8c24a78431b80021aad8,research.fib7.rotation,True,8,0,0,0,0,0,0,0,0,0,0,0,0,EXPERIMENTAL,research/backtest code; no reproducible manifest verified yet,OK,
QuantumEdge/research/fib7/run.py,QuantumEdge,.py,24376,721,fe73a8520c294fa4d7d414d620f5c21e24c78e55614cde937054223e2d1ffa7d,research.fib7.run,True,10,0,0,8,0,0,0,0,0,0,0,0,0,EXPERIMENTAL,research/backtest code; no reproducible manifest verified yet,OK,
QuantumEdge/research/fib8/__init__.py,QuantumEdge,.py,1996,37,ee06a60c11a440537e32fa84f5de5eac3657589c66f28fde32c0143c6a4b1b16,research.fib8,True,0,0,0,0,0,0,0,0,0,0,0,0,0,EXPERIMENTAL,research/backtest code; no reproducible manifest verified yet,OK,
QuantumEdge/research/fib8/analysis.py,QuantumEdge,.py,9101,251,4f5ad00d9a157b5e354f4e5fd80591cd6c5d943463abdfebdb46403fee0970ea,research.fib8.analysis,True,5,0,0,12,0,0,0,0,0,0,0,0,0,EXPERIMENTAL,research/backtest code; no reproducible manifest verified yet,OK,
QuantumEdge/research/fib8/experiments.py,QuantumEdge,.py,11735,287,9c6171d0c98eade6da5c8fc7c26e785596807334fd30c5f0f2948f37ea9a6e7a,research.fib8.experiments,True,2,0,0,0,0,0,0,0,0,0,0,0,0,EXPERIMENTAL,research/backtest code; no reproducible manifest verified yet,OK,
QuantumEdge/research/fib8/forward_monitor.py,QuantumEdge,.py,17208,444,b9c0cde5e1ee66b987d2d6200d26786c04b982644ca48dd3b4b77f55b828c5f5,research.fib8.forward_monitor,True,2,0,0,7,0,0,0,0,0,0,0,3,0,EXPERIMENTAL,research/backtest code; no reproducible manifest verified yet,OK,
QuantumEdge/research/fib8/model.py,QuantumEdge,.py,3256,106,bfc708b7cdba9d2fe67e7c7d789a418b301dc31b4b53da24b22b468625615227,research.fib8.model,True,2,0,0,0,0,0,0,0,0,0,0,0,0,EXPERIMENTAL,research/backtest code; no reproducible manifest verified yet,OK,
QuantumEdge/research/fib8/promotion.py,QuantumEdge,.py,11884,370,1500684c4c196e9ef5784d1b8d8ca912475f8761923424b17326c4aaf5eed531,research.fib8.promotion,True,14,0,0,30,0,0,0,0,0,0,0,0,0,EXPERIMENTAL,research/backtest code; no reproducible manifest verified yet,OK,
QuantumEdge/research/fib8/rotation.py,QuantumEdge,.py,10201,309,886afe3ea66264d8bf9a757828c631a9e2e750ca198f87fcb60cbbb5cb15b1b5,research.fib8.rotation,True,4,0,0,9,0,0,0,0,0,0,0,0,0,EXPERIMENTAL,research/backtest code; no reproducible manifest verified yet,OK,
QuantumEdge/research/fib8/run.py,QuantumEdge,.py,12017,378,dcfda52c0b58684880331e0b0b80f86b76f6f0c5773412de33805c5bcd3bf08e,research.fib8.run,True,6,0,0,5,0,0,0,0,0,0,0,0,0,EXPERIMENTAL,research/backtest code; no reproducible manifest verified yet,OK,
QuantumEdge/research/fib8/signal_cards.py,QuantumEdge,.py,14452,375,5e75c28608da26263d0a562b63bc6770a06fdb7474b91f8ca73c22d8e6c8eea1,research.fib8.signal_cards,True,4,0,0,9,0,0,0,0,0,0,0,3,0,EXPERIMENTAL,research/backtest code; no reproducible manifest verified yet,OK,
QuantumEdge/research/fib9/__init__.py,QuantumEdge,.py,2349,59,cbc72338e5bada0c07c2327941a752bbb0a9a88608c55ae8fbb146ef6c3c4750,research.fib9,True,0,0,0,0,0,0,0,0,0,0,0,0,0,EXPERIMENTAL,research/backtest code; no reproducible manifest verified yet,OK,
QuantumEdge/research/fib9/canonical.py,QuantumEdge,.py,13101,345,3d47e9f2e63327997c97318ba2a5dda95264942eebf1c3b06cd42f5ed1725db5,research.fib9.canonical,True,9,0,0,23,0,0,0,0,0,0,0,0,0,EXPERIMENTAL,research/backtest code; no reproducible manifest verified yet,OK,
QuantumEdge/research/fib9/experiments.py,QuantumEdge,.py,6000,195,3f370a99c6ec7304d941c56542fb5e13cbd842459699a06bcc4c14863d78d2d2,research.fib9.experiments,True,5,0,0,0,0,0,0,0,0,0,0,0,0,EXPERIMENTAL,research/backtest code; no reproducible manifest verified yet,OK,
QuantumEdge/research/fib9/model.py,QuantumEdge,.py,5640,177,fc8bb5705427328f77d32033a69c825f8549362021575354f85148494128fd8c,research.fib9.model,True,4,0,0,0,0,0,0,0,0,0,0,1,0,EXPERIMENTAL,research/backtest code; no reproducible manifest verified yet,OK,
QuantumEdge/research/manifest.py,QuantumEdge,.py,6945,199,678ccac72c39b7b420caff8594d945e334c7f341179c4f0fb6144bc0db614492,research.manifest,True,4,1,1,24,0,0,0,0,0,0,0,0,0,EXPERIMENTAL,research/backtest code; no reproducible manifest verified yet,OK,
QuantumEdge/research/results.py,QuantumEdge,.py,11809,291,77c1172c5bfee8fed08f7a1aa7701bd23f66e05a2dc891c357f453b9cc46abdd,research.results,True,4,1,2,13,0,0,0,0,0,0,0,0,0,EXPERIMENTAL,research/backtest code; no reproducible manifest verified yet,OK,
QuantumEdge/research/runner.py,QuantumEdge,.py,13708,378,0b93fdfeb06f9621ec2b5e036ba11b6a2e888460f44f79a9ec3b243539b5ec64,research.runner,True,9,3,1,0,0,0,0,0,0,0,0,0,0,EXPERIMENTAL,research/backtest code; no reproducible manifest verified yet,OK,
QuantumEdge/research/validity.py,QuantumEdge,.py,8775,198,e2a0371ece6ee0131fee12073e2ccb6e6d7253eeb930e17127cfd6bb2b23e643,research.validity,True,2,0,0,2,0,0,0,0,0,0,0,0,0,EXPERIMENTAL,research/backtest code; no reproducible manifest verified yet,OK,
QuantumEdge/research.ipynb,QuantumEdge,.ipynb,1448,40,6ff66d3473f367382380ea269d8d711499e9fabd94b514c521457e1ff7433ac9,,,0,0,0,0,0,0,0,0,0,0,0,0,0,EXPERIMENTAL,research/backtest code; no reproducible manifest verified yet,,
QuantumEdge/strategy/__init__.py,QuantumEdge,.py,0,0,e3b0c44298fc1c149afbf4c8996fb92427ae41e4649b934ca495991b7852b855,strategy,True,0,0,0,0,0,0,0,0,0,0,0,0,0,SCAFFOLD,package marker,OK,
QuantumEdge/strategy/allocator.py,QuantumEdge,.py,5673,170,b6c561007a204c0194308338b2f6210164e1f4a7324560c78eea7a76ac27b37e,strategy.allocator,True,1,0,0,0,0,0,0,0,0,0,0,0,0,PROTOTYPE,does not import in pinned env: ModuleNotFoundError: No module named 'AlgorithmImports',IMPORT_ERROR,ModuleNotFoundError: No module named 'AlgorithmImports'
QuantumEdge/strategy/regime.py,QuantumEdge,.py,3053,93,1218dba79725bd777aadcc1d236bae5cee619bdcbf80dabaa0f60cb10efd42ea,strategy.regime,True,1,0,0,0,0,0,0,0,0,0,2,0,0,PROTOTYPE,does not import in pinned env: ModuleNotFoundError: No module named 'AlgorithmImports',IMPORT_ERROR,ModuleNotFoundError: No module named 'AlgorithmImports'
QuantumEdge/strategy/signals.py,QuantumEdge,.py,4240,129,911d1ad38ce9601da71a363607250785a497e1f3a7f4c0a8a587ca1bfe491462,strategy.signals,True,5,0,0,0,0,0,0,0,0,0,0,0,0,PROTOTYPE,does not import in pinned env: ModuleNotFoundError: No module named 'AlgorithmImports',IMPORT_ERROR,ModuleNotFoundError: No module named 'AlgorithmImports'
QuantumEdge/strategy/sleeve_a.py,QuantumEdge,.py,3702,107,6e53d0a5679e81843f143436a381e95856e6643a9b9c7d8043acae8f63841019,strategy.sleeve_a,True,1,0,0,0,0,0,0,0,0,0,0,0,0,PROTOTYPE,does not import in pinned env: ModuleNotFoundError: No module named 'AlgorithmImports',IMPORT_ERROR,ModuleNotFoundError: No module named 'AlgorithmImports'
QuantumEdge/strategy/sleeve_b.py,QuantumEdge,.py,5386,160,3a58f3c0816bc6332658f7c28afb8ba286f3decfc4a985ef4c62896fdf04adfa,strategy.sleeve_b,True,1,0,0,0,0,0,0,1,0,0,0,0,0,PROTOTYPE,does not import in pinned env: ModuleNotFoundError: No module named 'AlgorithmImports',IMPORT_ERROR,ModuleNotFoundError: No module named 'AlgorithmImports'
QuantumEdge/strategy/sleeve_c.py,QuantumEdge,.py,3645,107,5ef7066b6236a36408d9ceabbe50b88693eb4686a0d8c12398c874be141bc8a6,strategy.sleeve_c,True,1,0,0,0,0,0,0,0,0,0,0,0,0,PROTOTYPE,does not import in pinned env: ModuleNotFoundError: No module named 'AlgorithmImports',IMPORT_ERROR,ModuleNotFoundError: No module named 'AlgorithmImports'
QuantumEdge/tests/__init__.py,QuantumEdge,.py,0,0,e3b0c44298fc1c149afbf4c8996fb92427ae41e4649b934ca495991b7852b855,tests,True,0,0,0,0,0,0,0,0,0,0,0,0,0,IMPLEMENTED_UNVERIFIED,test file; see TEST_REALITY_MATRIX for whether it runs,OK,
QuantumEdge/tests/test_data_presence.py,QuantumEdge,.py,3344,107,cec1f12553ba0ecee9676303b0a4778f34fb4e3dee18c1a9a78ee70cb3d2958e,tests.test_data_presence,True,5,0,1,0,0,0,1,0,0,0,0,0,0,IMPLEMENTED_UNVERIFIED,test file; see TEST_REALITY_MATRIX for whether it runs,OK,
quantum-edge-terminal/.env.example,quantum-edge-terminal,.example,718,39,94492a4591dd1ab7f05e8c3e37db4f55f5d18b7644ac2f970b09b7983beb1c35,,,0,0,0,0,0,0,1,0,0,0,0,0,0,SCAFFOLD,example/demo script,,
quantum-edge-terminal/AUDIT_COMPLETE_EXECUTION_VALIDATION_DELIVERED.md,quantum-edge-terminal,.md,11742,425,4ea5539d7eda4a8b67e5b401b292c3207a1b160a5da9eee9a69f8902c33a1744,,,0,0,0,0,0,0,3,0,0,0,0,0,0,DOCUMENTED_ONLY,status/claim document using completion vocabulary (L0 claim),,
quantum-edge-terminal/DEPLOYMENT_SUMMARY.md,quantum-edge-terminal,.md,12948,385,4cb6931a680bc30fec90711abbeb73b2d2e58efddad92a367f9dee7ab3aae6ef,,,0,0,0,0,0,0,0,0,0,0,0,4,0,DOCUMENTED_ONLY,status/claim document using completion vocabulary (L0 claim),,
quantum-edge-terminal/FINAL_COMPLETION_SUMMARY.py,quantum-edge-terminal,.py,17531,387,8a79b3e92eb42d5eb6e8b548c4ff1eb21677709a8320250041e2e57c6fd05cf6,FINAL_COMPLETION_SUMMARY,True,0,0,0,0,0,0,1,0,0,0,0,0,0,DOCUMENTED_ONLY,status/claim document using completion vocabulary (L0 claim),OK,
quantum-edge-terminal/INFRASTRUCTURE.md,quantum-edge-terminal,.md,1274,67,98c0bfcbb185d10c5d435bdf7efbaf7c5bb3e6ab4d8bbb994512896b25df8745,,,0,0,0,0,0,0,0,0,0,0,0,0,1,DOCUMENTED_ONLY,documentation (L0),,
quantum-edge-terminal/PERFECT_PHASE_8_5_MASTERY_SUMMARY.md,quantum-edge-terminal,.md,11817,384,5617e994eb9ce0049864909cd4ebb66133d39a98af86d92fb6b7af70c76e9705,,,0,0,0,0,0,0,0,0,0,0,0,0,0,DOCUMENTED_ONLY,status/claim document using completion vocabulary (L0 claim),,
quantum-edge-terminal/PERFECT_TEST_STRATEGY_REPORT.md,quantum-edge-terminal,.md,13332,457,2e162000d4cdb028a1444ed44b71a3ccc79b96cd5dd1762fa2b3c1d672ede9e1,,,0,0,0,0,0,0,3,0,0,0,0,0,0,DOCUMENTED_ONLY,status/claim document using completion vocabulary (L0 claim),,
quantum-edge-terminal/PHASE2_COMPLETE_GUIDE.md,quantum-edge-terminal,.md,16273,570,b20a1c1c22650eec33fd2a02f0c7ddb0bb61f15c74851633b08ab66d72a4fe57,,,0,0,0,0,0,0,0,0,0,0,0,26,0,DOCUMENTED_ONLY,status/claim document using completion vocabulary (L0 claim),,
quantum-edge-terminal/PHASE2_DEPLOYMENT_COMPLETE.md,quantum-edge-terminal,.md,19234,633,0299dc7bc6753f7804946f88cf51d37fb360151d096b5f479deb4edc85945588,,,0,0,0,0,0,0,6,0,0,0,0,13,0,DOCUMENTED_ONLY,status/claim document using completion vocabulary (L0 claim),,
quantum-edge-terminal/PHASE8_COMPLETE_SUMMARY.md,quantum-edge-terminal,.md,17529,495,cea88a3c25fba84fad5a407b9c7d06655c357f6ab51166008c0a9cb6693c9bcf,,,0,0,0,0,0,0,27,0,0,0,0,0,1,DOCUMENTED_ONLY,status/claim document using completion vocabulary (L0 claim),,
quantum-edge-terminal/PHASE_2_QUICKSTART.md,quantum-edge-terminal,.md,13924,439,d5453086374740e546d82f3a2a195b9e73f756b17d64d9bb62ce7aaf4935799a,,,0,0,0,0,0,0,0,0,0,0,0,0,3,DOCUMENTED_ONLY,status/claim document using completion vocabulary (L0 claim),,
quantum-edge-terminal/PHASE_3_MODULES_1-2_COMPLETE.md,quantum-edge-terminal,.md,17026,519,3d3d6b2ff02a3635f8c9e27bec0f385b301c13072e034ad622232318a2158d43,,,0,0,0,0,0,0,0,0,0,0,0,0,2,DOCUMENTED_ONLY,status/claim document using completion vocabulary (L0 claim),,
quantum-edge-terminal/PHASE_3_QUICKSTART.md,quantum-edge-terminal,.md,10940,498,c316e77eeb12dbda4b269598b325455c1967fd51d36e085ac92159bcb8ca82ce,,,0,0,0,0,0,0,0,0,0,0,0,0,8,DOCUMENTED_ONLY,status/claim document using completion vocabulary (L0 claim),,
quantum-edge-terminal/PHASE_8_5_DEPLOYMENT_GUIDE.py,quantum-edge-terminal,.py,12106,359,761fd5ab5ab104f1310dbf478c2aa153297195113e718eef8f1cdc565aa5389d,PHASE_8_5_DEPLOYMENT_GUIDE,True,1,1,0,0,0,0,0,0,0,0,0,0,0,DOCUMENTED_ONLY,status/claim document using completion vocabulary (L0 claim),OK,
quantum-edge-terminal/PHASE_8_5_DEPLOYMENT_PACKAGE.md,quantum-edge-terminal,.md,10963,343,1123d60a1a01f5800d6b039b04e2bb63a7ad4b569d8dbf1450ec5994a19e75b2,,,0,0,0,0,0,0,0,0,0,0,0,0,0,DOCUMENTED_ONLY,status/claim document using completion vocabulary (L0 claim),,
quantum-edge-terminal/PHASE_8_5_DEPLOYMENT_REPORT.md,quantum-edge-terminal,.md,8556,277,6a9a061f2746372303a6041722ee9cda10f9250fd2fa427e707b0ee21b818730,,,0,0,0,0,0,0,0,0,0,0,0,0,0,DOCUMENTED_ONLY,status/claim document using completion vocabulary (L0 claim),,
quantum-edge-terminal/PHASE_8_5_EXECUTION_VALIDATION_AUDIT.md,quantum-edge-terminal,.md,13474,459,4f9a5185d7538c9c8096bffbee0461373142e9834d33901ae4cc1974d207282b,,,0,0,0,0,0,0,9,0,0,0,0,0,0,DOCUMENTED_ONLY,status/claim document using completion vocabulary (L0 claim),,
quantum-edge-terminal/PHASE_8_5_FINAL_STATUS.md,quantum-edge-terminal,.md,11587,316,f604b1fee0013ddca56c3ef51d5a5e42fe0fb170ad02edc3c79c5b4c28dd0259,,,0,0,0,0,0,0,3,0,0,0,0,0,0,DOCUMENTED_ONLY,status/claim document using completion vocabulary (L0 claim),,
quantum-edge-terminal/PHASE_8_5_INSTRUMENTATION_COMPLETE.py,quantum-edge-terminal,.py,6764,202,572333fe23cbeb118eb4fd1d7ffdf12243742aa0a8c7586a1f9efe6c85b0e0e1,PHASE_8_5_INSTRUMENTATION_COMPLETE,True,0,0,0,0,0,0,1,0,0,0,0,0,0,DOCUMENTED_ONLY,status/claim document using completion vocabulary (L0 claim),OK,
quantum-edge-terminal/PHASE_8_5_README.md,quantum-edge-terminal,.md,66,3,3a6ca07d0faa973a522d9db7aa5f5e18bbd204350235411fb699305552ebfc4a,,,0,0,0,0,0,0,0,0,0,0,0,0,0,DOCUMENTED_ONLY,documentation (L0),,
quantum-edge-terminal/PHASE_8_5_TEST_SUITE_AUDIT.py,quantum-edge-terminal,.py,18189,497,6c5f88f5c0ea57f09140a8d4d36d9dd73bfbf6ec247bce5471b4794ef17c4774,PHASE_8_5_TEST_SUITE_AUDIT,True,1,1,0,1,0,0,2,0,0,0,0,0,0,DOCUMENTED_ONLY,status/claim document using completion vocabulary (L0 claim),OK,
quantum-edge-terminal/PROJECT_ANALYSIS_COMPLETE.md,quantum-edge-terminal,.md,32415,933,1d015365a9c671981d505cc727aca1607cffd8a0d9725abe70844ade50111a26,,,0,0,0,0,12,0,7,0,0,0,0,0,1,DOCUMENTED_ONLY,status/claim document using completion vocabulary (L0 claim),,
quantum-edge-terminal/QUICKSTART.md,quantum-edge-terminal,.md,9052,391,9f777957198888edef062f309c9a737a12d77867ef2d49926f5ebf9b37ad7a95,,,0,0,0,0,0,0,1,0,0,0,0,0,10,DOCUMENTED_ONLY,documentation (L0),,
quantum-edge-terminal/README.md,quantum-edge-terminal,.md,7775,259,be769ecd815f4413752e499daa3acf6152bb7c5b1e925c40ef82f096d0331cfd,,,0,0,0,0,0,0,0,0,0,0,0,0,7,DOCUMENTED_ONLY,documentation (L0),,
quantum-edge-terminal/REALITY_CHECK_STATUS.md,quantum-edge-terminal,.md,10716,349,6040c9bcdce4ec106ddcc2b98b447adcfbaf895d54f28c21fcc38fcd7268bdc7,,,0,0,0,0,0,0,2,0,0,0,0,0,0,DOCUMENTED_ONLY,status/claim document using completion vocabulary (L0 claim),,
quantum-edge-terminal/ai-engine/Dockerfile,quantum-edge-terminal,Dockerfile,273,15,77894f5c5523555a463a6725b7a15d5c79c6393b78b518c98c34ff5fb44fc412,,,0,0,0,0,0,0,0,0,0,0,0,0,0,SCAFFOLD,infra/config file,,
quantum-edge-terminal/ai-engine/main.py,quantum-edge-terminal,.py,3263,114,ae1431c99a7c3ea89e474ce9cac6cad4b15c8ed3ca507dbac56a958cc817be2a,main,True,6,0,4,0,0,0,0,0,0,0,0,0,0,PROTOTYPE,does not import in pinned env: pip install python-multipart,IMPORT_ERROR,pip install python-multipart
quantum-edge-terminal/ai-engine/requirements.txt,quantum-edge-terminal,.txt,231,14,b795f5105e54d06cade5cfc04b892720bed3ec0b0d31f7a228c5f671f523d0b1,,,0,0,0,0,0,0,0,0,0,0,0,0,1,DOCUMENTED_ONLY,documentation (L0),,
quantum-edge-terminal/ai-engine/src/__init__.py,quantum-edge-terminal,.py,38,1,953235a55c435bea96ba1d7516f69a8e577205d56043a4307dfdc45c6e9b101e,src,True,0,0,0,0,0,0,0,0,0,0,0,0,0,SCAFFOLD,package marker,OK,
quantum-edge-terminal/ai-engine/src/modules/__init__.py,quantum-edge-terminal,.py,17,1,e99f7b2f5dcdf673bd772e09784a395bd1692029db338d445b1a861e9ac6075f,src.modules,True,0,0,0,0,0,0,0,0,0,0,0,0,0,SCAFFOLD,package marker,OK,
quantum-edge-terminal/ai-engine/src/modules/algo_detection.py,quantum-edge-terminal,.py,5340,156,7fad8c7f5aa64f365902576bb4068e45ad5a4a2e07c8179a3667ec624681cecf,src.modules.algo_detection,True,1,0,1,0,0,0,0,0,0,0,0,2,0,IMPLEMENTED_UNVERIFIED,python source; runtime status merged from import sweep,OK,
quantum-edge-terminal/ai-engine/src/modules/enhanced_fib_validator.py,quantum-edge-terminal,.py,10161,263,3ccb1f6f4859ed29e612a7dca0c197c4efac016a39e72304cbc8ba5678a95381,src.modules.enhanced_fib_validator,True,2,0,1,0,0,0,0,0,0,0,0,7,0,IMPLEMENTED_UNVERIFIED,python source; runtime status merged from import sweep,OK,
quantum-edge-terminal/ai-engine/src/modules/fib_manipulation_validator.py,quantum-edge-terminal,.py,7591,196,db9b01c3dfa0b75229eea4058d1f690b0e0c011a519fb02de4f1eb81d8dc684d,src.modules.fib_manipulation_validator,True,2,0,1,0,0,0,0,0,0,0,0,11,0,IMPLEMENTED_UNVERIFIED,python source; runtime status merged from import sweep,OK,
quantum-edge-terminal/ai-engine/src/modules/fractal_validator.py,quantum-edge-terminal,.py,3744,103,aca2b30d7313d36073bf47d8e4221b9df19a2814b6c8487109cbd9545fdfb5ce,src.modules.fractal_validator,True,1,0,1,0,0,0,0,0,0,0,0,2,0,IMPLEMENTED_UNVERIFIED,python source; runtime status merged from import sweep,OK,
quantum-edge-terminal/ai-engine/src/modules/institutional_smart_blend_plus.py,quantum-edge-terminal,.py,15418,426,99fa5c85b8e26cb27497b22211fca57de14ee113987b1870e4f56a1a4915a288,src.modules.institutional_smart_blend_plus,True,3,0,1,12,0,0,0,0,0,0,0,13,0,IMPLEMENTED_UNVERIFIED,python source; runtime status merged from import sweep,OK,
quantum-edge-terminal/ai-engine/src/modules/market_structure_analyzer.py,quantum-edge-terminal,.py,14497,395,e69bb23b5a1d359d00768f540c2446e837f3a6d61741f3347e7c1ce0dfb7f1a3,src.modules.market_structure_analyzer,True,4,0,0,2,0,0,0,0,0,0,0,7,0,IMPLEMENTED_UNVERIFIED,python source; runtime status merged from import sweep,OK,
quantum-edge-terminal/ai-engine/src/modules/market_structure_detector.py,quantum-edge-terminal,.py,6050,167,b1ef86a4a711fe068975375357f7d882367094bd761007d9b230d504356d776e,src.modules.market_structure_detector,True,1,0,1,0,0,0,0,0,0,0,0,0,0,IMPLEMENTED_UNVERIFIED,python source; runtime status merged from import sweep,OK,
quantum-edge-terminal/ai-engine/src/modules/master_multi_signal.py,quantum-edge-terminal,.py,8590,218,f8ce581581402138edf26e48bb1f6d5510a2f547608a04a1382b95a4a15558fb,src.modules.master_multi_signal,True,2,0,1,6,0,0,0,0,0,0,0,0,0,IMPLEMENTED_UNVERIFIED,python source; runtime status merged from import sweep,OK,
quantum-edge-terminal/ai-engine/src/utils.py,quantum-edge-terminal,.py,1215,39,71d99c80dc37161182607ba0edf56bbebe00f7a65f73c7c62c677d2360b473bf,src.utils,True,2,1,0,1,0,0,0,0,0,0,0,0,0,IMPLEMENTED_UNVERIFIED,python source; runtime status merged from import sweep,OK,
quantum-edge-terminal/backend/.env.example,quantum-edge-terminal,.example,411,19,6c1c8e2789da2a0accb3108765fb55c09721368a24b2ddae4758dad855e171fe,,,0,0,0,0,0,0,0,0,0,0,0,0,0,SCAFFOLD,example/demo script,,
quantum-edge-terminal/backend/Dockerfile,quantum-edge-terminal,Dockerfile,324,18,dc37f073e4df675443ddb15da63cb3b8d1ce569633768bcebdeb8a73a841d1d3,,,0,0,0,0,0,0,0,0,0,0,0,0,0,SCAFFOLD,infra/config file,,
quantum-edge-terminal/backend/package.json,quantum-edge-terminal,.json,986,40,cee8cb4a415b0f7b3a6c44bf9a20fdfee2e8173a6fd83a21c8fb0eb2b481768d,,,0,0,0,0,0,0,0,0,0,0,0,0,0,SCAFFOLD,config/editor json,,
quantum-edge-terminal/backend/src/api/alerts.ts,quantum-edge-terminal,.ts,1855,73,3edf78bcc28ffd8b627d8c2d745f72c868123c2d4036179054817c39f6d735df,,,0,1,2,1,1,0,0,0,0,0,0,0,1,IMPLEMENTED_UNVERIFIED,TS/UI source; no tests in subtree,,
quantum-edge-terminal/backend/src/api/health.ts,quantum-edge-terminal,.ts,304,12,be303d3329d8db6130231155defd5c9200e216fa38cc4d1728c6e63a99b13132,,,0,1,0,1,0,0,0,0,0,0,0,0,0,IMPLEMENTED_UNVERIFIED,TS/UI source; no tests in subtree,,
quantum-edge-terminal/backend/src/api/market-data.ts,quantum-edge-terminal,.ts,3989,143,fcc550b48902937b5fd6e9fc05ed9bb0b38cc3bd49458de55b8b4a13796f0cd5,,,0,2,3,2,0,0,0,0,0,0,0,0,0,IMPLEMENTED_UNVERIFIED,TS/UI source; no tests in subtree,,
quantum-edge-terminal/backend/src/api/signals.ts,quantum-edge-terminal,.ts,2645,103,cc55022f096161104cb90aa5054d2200f6d0202e256d321150b795e38ee21923,,,0,2,3,1,0,0,0,0,0,0,0,0,0,IMPLEMENTED_UNVERIFIED,TS/UI source; no tests in subtree,,
quantum-edge-terminal/backend/src/db/postgres.ts,quantum-edge-terminal,.ts,1035,43,5f76892c506815db10ce253bbc4359ec26766986148c2e74eaf3e5fae4db4512,,,0,2,2,0,0,0,0,0,0,0,0,0,0,IMPLEMENTED_UNVERIFIED,TS/UI source; no tests in subtree,,
quantum-edge-terminal/backend/src/db/redis.ts,quantum-edge-terminal,.ts,1428,51,ee1a1944a0d18746f39f57505e92691a226bf9e602e91c4129f83f4da801b379,,,0,0,1,0,0,0,0,0,0,0,0,0,0,IMPLEMENTED_UNVERIFIED,TS/UI source; no tests in subtree,,
quantum-edge-terminal/backend/src/server.ts,quantum-edge-terminal,.ts,2830,100,9ea0aa2a01a08b237295f7eb4456730ab22cc1824d765514e16f5de9e12589b1,,,0,3,1,1,0,0,0,0,0,0,0,0,5,IMPLEMENTED_UNVERIFIED,TS/UI source; no tests in subtree,,
quantum-edge-terminal/backend/src/websocket/server.ts,quantum-edge-terminal,.ts,2297,69,4713635d3358091c611aa6d5f8414c8f8b46f6e9e75917eea599642a3c102773,,,0,0,1,0,0,0,0,0,0,0,0,0,5,IMPLEMENTED_UNVERIFIED,TS/UI source; no tests in subtree,,
quantum-edge-terminal/backtest_baseline_validated.py,quantum-edge-terminal,.py,9783,286,9d665e7c856322bf7b76aa8722004329c2ebb10616ce8f96a3d7e7b167a54586,backtest_baseline_validated,True,4,0,0,0,0,6,0,0,0,0,0,0,0,EXPERIMENTAL,backtest on synthetic random-walk data (random.gauss/seed); not market evidence,OK,
quantum-edge-terminal/backtest_enhanced_fib.py,quantum-edge-terminal,.py,12357,348,ec53d75640d0fa62872d06464e7ab4757d11f3551001197b52451d73edba1900,backtest_enhanced_fib,True,5,0,0,0,0,6,0,0,0,0,0,0,0,EXPERIMENTAL,backtest on synthetic random-walk data (random.gauss/seed); not market evidence,OK,
quantum-edge-terminal/backtest_fast_enhanced_fib.py,quantum-edge-terminal,.py,10940,324,53a7644ddb583b91a37b3561a507fee143af67ddcca3b7ab31aef7a28c3ebd1e,backtest_fast_enhanced_fib,True,7,0,0,2,0,6,0,0,0,0,0,4,0,EXPERIMENTAL,backtest on synthetic random-walk data (random.gauss/seed); not market evidence,OK,
quantum-edge-terminal/backtest_fib_manipulation.py,quantum-edge-terminal,.py,9389,273,32c28aab63dc00cb9b280c86c207a510535f1db86f7945976135b5a9677897fe,backtest_fib_manipulation,True,4,0,0,0,0,6,0,0,0,0,0,2,0,EXPERIMENTAL,backtest on synthetic random-walk data (random.gauss/seed); not market evidence,OK,
quantum-edge-terminal/backtest_fib_optimization.py,quantum-edge-terminal,.py,9464,280,7a1a0a8a888b19df74063b0c548d27beb3c3f396ac8993066867d0800a905665,backtest_fib_optimization,True,5,0,0,0,0,6,0,0,0,0,0,5,0,EXPERIMENTAL,backtest on synthetic random-walk data (random.gauss/seed); not market evidence,OK,
quantum-edge-terminal/backtest_fix_validation.py,quantum-edge-terminal,.py,11167,316,46be17b8e164fcb01125e7a4218e73290075935463de5b40485d6f969f0c3316,backtest_fix_validation,True,5,0,0,2,0,5,0,0,0,0,0,0,0,EXPERIMENTAL,backtest on synthetic random-walk data (random.gauss/seed); not market evidence,OK,
quantum-edge-terminal/backtest_historical_rr.py,quantum-edge-terminal,.py,16845,430,eedc7414668afbeed3bdced580d0ea126e6c4ba5ac7a88d6b082d7e05b9afc09,backtest_historical_rr,True,4,1,1,0,0,0,0,0,0,0,0,0,2,EXPERIMENTAL,backtest on yfinance downloads; no dataset snapshot/hash recorded,OK,
quantum-edge-terminal/backtest_historical_rr_synthetic.py,quantum-edge-terminal,.py,17742,454,78231d44deca5287a033ba9acf729ea364d611077fa0b25154db9cf287ba83b9,backtest_historical_rr_synthetic,True,5,1,0,0,0,5,0,0,0,0,0,0,0,EXPERIMENTAL,backtest on synthetic random-walk data (random.gauss/seed); not market evidence,OK,
quantum-edge-terminal/backtest_hybrid_strategy.py,quantum-edge-terminal,.py,9459,277,2fdadb97041fdd6fd7c7f57058bc7fffcfb63a251c0cc8a48a022de294fa39e1,backtest_hybrid_strategy,True,4,0,0,0,0,6,0,0,0,0,0,5,0,EXPERIMENTAL,backtest on synthetic random-walk data (random.gauss/seed); not market evidence,OK,
quantum-edge-terminal/backtest_integrated_system.py,quantum-edge-terminal,.py,10079,275,b34e84ea0e87aaef1b7894c81fc0c478a9714cdcd1177bd7766baad4bf418964,backtest_integrated_system,True,5,0,0,10,0,16,0,0,0,0,0,0,0,EXPERIMENTAL,backtest on synthetic random-walk data (random.gauss/seed); not market evidence,OK,
quantum-edge-terminal/backtest_max_profit_final.py,quantum-edge-terminal,.py,9707,303,a96aa7ea329b023f1953637ef23650aca0d5414020d6b5b5f252e7b18b91b4fd,backtest_max_profit_final,True,4,0,0,0,0,6,0,0,0,0,0,0,0,EXPERIMENTAL,backtest on synthetic random-walk data (random.gauss/seed); not market evidence,OK,
quantum-edge-terminal/backtest_optimized_profitability.py,quantum-edge-terminal,.py,22921,587,7b5597855c79dca87fe2031f9a9e5d94944032937f2363d41c0a54ef00e116f1,backtest_optimized_profitability,True,6,1,0,0,0,6,0,0,0,0,0,0,0,EXPERIMENTAL,backtest on synthetic random-walk data (random.gauss/seed); not market evidence,OK,
quantum-edge-terminal/backtest_phase2_institutional.py,quantum-edge-terminal,.py,15037,435,958b14a94929caf6d891cda02e4e8c6b4b0508aed7432f0b4bbf83cac8591457,backtest_phase2_institutional,True,3,0,0,2,0,8,0,0,0,0,2,8,0,EXPERIMENTAL,backtest on synthetic random-walk data (random.gauss/seed); not market evidence,OK,
quantum-edge-terminal/backtest_phase2_optimized.py,quantum-edge-terminal,.py,10337,317,24b7357cbb0089e13364576065cf7f51d643dbfacc9beb382b13e8f4138f7aa0,backtest_phase2_optimized,True,3,0,0,0,0,6,0,0,0,0,0,7,0,EXPERIMENTAL,backtest on synthetic random-walk data (random.gauss/seed); not market evidence,OK,
quantum-edge-terminal/backtest_post_fix_validation.py,quantum-edge-terminal,.py,9123,266,1de6ac1163966392f3edaf8f691105170963126044a4f6f7ad5dd8e21182b3c8,backtest_post_fix_validation,True,4,0,0,0,0,5,0,0,0,0,0,0,0,EXPERIMENTAL,backtest on synthetic random-walk data (random.gauss/seed); not market evidence,OK,
quantum-edge-terminal/backtest_practical_profits.py,quantum-edge-terminal,.py,12826,377,2c7710dcaa2db59fda86826535caa038c201593b5c10a44cf9455668b8dde84c,backtest_practical_profits,True,4,0,0,0,0,6,0,0,0,0,0,0,0,EXPERIMENTAL,backtest on synthetic random-walk data (random.gauss/seed); not market evidence,OK,
quantum-edge-terminal/backtest_smart_profitability.py,quantum-edge-terminal,.py,16619,440,077537fa3458a1a2f61e1609c0499a9f3eacc63395221de03089c66d87bfdf50,backtest_smart_profitability,True,4,1,0,0,0,6,0,0,0,0,0,0,0,EXPERIMENTAL,backtest on synthetic random-walk data (random.gauss/seed); not market evidence,OK,
quantum-edge-terminal/backtest_timeframe_analysis.py,quantum-edge-terminal,.py,8521,260,2e29ac9ea321fc2a6a637f92034462c52a56f4aa7dfd5358fde7724b7ed8a5ec,backtest_timeframe_analysis,True,7,0,0,0,0,7,0,0,0,0,0,4,0,EXPERIMENTAL,backtest on synthetic random-walk data (random.gauss/seed); not market evidence,SKIPPED_UNGUARDED_SCRIPT,
quantum-edge-terminal/comprehensive_verification.py,quantum-edge-terminal,.py,15722,420,0875d1591ad0f5172d9faef50968b564c829057113818bd29a48c150de1128c5,comprehensive_verification,True,0,2,7,0,0,0,0,0,0,0,0,0,0,IMPLEMENTED_UNVERIFIED,python source; runtime status merged from import sweep,SKIPPED_UNGUARDED_SCRIPT,
quantum-edge-terminal/database/redis-init.lua,quantum-edge-terminal,.lua,876,27,d7fa0aef40976160ae13d27491f144fbe5fe668f687b44e8425e6a150988c48d,,,0,0,0,0,0,0,0,0,0,0,0,0,0,SCAFFOLD,infra/config file,,
quantum-edge-terminal/database/schema.sql,quantum-edge-terminal,.sql,4175,122,fc87bed204a531a0d7f8482fb2eb73228ef9a89dcedd2be99cbf1afc60a0b812,,,0,0,0,0,0,0,0,0,0,0,0,0,1,SCAFFOLD,infra/config file,,
quantum-edge-terminal/docker-compose.yml,quantum-edge-terminal,.yml,2031,91,acc880e8879c2c4d739b22262990a1997392058e7089a562b8f4d9ddc53b9f60,,,0,0,0,0,0,0,0,0,0,0,0,0,0,SCAFFOLD,infra/config file,,
quantum-edge-terminal/docs/API_SPECIFICATION.md,quantum-edge-terminal,.md,15259,841,5467a3cd53f1af0b19dec84dd55b4d7df634bf2147b9c0cd42f0db025e09c07d,,,0,0,0,0,0,0,0,0,0,0,0,0,11,DOCUMENTED_ONLY,documentation (L0),,
quantum-edge-terminal/docs/ARCHITECTURE.md,quantum-edge-terminal,.md,14077,608,1a2f453b4c3158a0d013d03a369063ef46f467b7705f19ecdf88c6d5f3272b53,,,0,0,0,0,0,0,1,0,0,0,0,1,6,DOCUMENTED_ONLY,documentation (L0),,
quantum-edge-terminal/docs/DEPLOYMENT.md,quantum-edge-terminal,.md,19537,880,688de50b21532a853246ffb801a89da6c3ea39c40e9a69c2a15368f745f8f57a,,,0,2,0,1,0,0,0,0,0,0,0,0,4,DOCUMENTED_ONLY,documentation (L0),,
quantum-edge-terminal/docs/PHASE_2_ARCHITECTURE.md,quantum-edge-terminal,.md,11915,358,5f3d22e84d8488fb8ef1cb9e51fff9c454f2c80b6f6439be1602d5e60e180507,,,0,0,0,0,0,0,0,0,0,0,0,0,4,DOCUMENTED_ONLY,status/claim document using completion vocabulary (L0 claim),,
quantum-edge-terminal/docs/PHASE_3_ARCHITECTURE.md,quantum-edge-terminal,.md,32426,557,cbe9c2f090985e0fbc1f867afb90b491d961ba1dd519b0bda199b7c9781aeccf,,,0,0,0,0,0,0,0,0,1,0,0,0,6,DOCUMENTED_ONLY,documentation (L0),,
quantum-edge-terminal/docs/PHASE_3_MODULE_3_API.md,quantum-edge-terminal,.md,16192,481,3f0118bffbde8335eaa1efc6f8ddfcb93c3d023cea843f1f31e00f53eaf9d141,,,0,0,0,0,0,0,0,0,0,0,0,0,0,DOCUMENTED_ONLY,status/claim document using completion vocabulary (L0 claim),,
quantum-edge-terminal/docs/PHASE_3_MODULE_3_CHECKLIST.md,quantum-edge-terminal,.md,17157,473,0339b558792c3a5d1155f5b5c7085dc5597ea034eb6c8e00a48d9d55c39cb59b,,,0,0,0,0,0,0,0,0,0,0,0,0,0,DOCUMENTED_ONLY,status/claim document using completion vocabulary (L0 claim),,
quantum-edge-terminal/docs/PHASE_3_MODULE_3_SUMMARY.md,quantum-edge-terminal,.md,25405,561,31b56f93b8a13ed958195bc7f3a7357d0b269665d709ba2dc8234592afb112b9,,,0,0,0,0,0,0,0,0,0,0,0,0,2,DOCUMENTED_ONLY,status/claim document using completion vocabulary (L0 claim),,
quantum-edge-terminal/docs/PHASE_CHECKLIST.md,quantum-edge-terminal,.md,4899,199,6dc899dd1936e579e8e3fa6578d249a55b11ee6f615b5ce2e8344e5590fff4f2,,,0,0,0,0,0,0,1,0,0,0,0,0,6,DOCUMENTED_ONLY,status/claim document using completion vocabulary (L0 claim),,
quantum-edge-terminal/docs/SESSION_SUMMARY.md,quantum-edge-terminal,.md,14665,407,2982cb352707433f8570049f477e3ecadec47f7a86320b3e3c71f4dd80b9bbb8,,,0,0,0,0,0,0,0,0,0,0,0,0,2,DOCUMENTED_ONLY,status/claim document using completion vocabulary (L0 claim),,
quantum-edge-terminal/execution/__init__.py,quantum-edge-terminal,.py,1094,31,54ccd386e05da331f415dbf7ed7722e09c0bbba637cba4442a6dff4bd82665fd,execution,True,0,0,0,0,0,0,3,0,0,0,0,0,0,PROTOTYPE,does not import in pinned env: TypeError: non-default argument 'position_size' follows default argument,IMPORT_ERROR,TypeError: non-default argument 'position_size' follows default argument
quantum-edge-terminal/execution/broker_engine/__init__.py,quantum-edge-terminal,.py,325,19,cd1e6952a7e2b9ae7a85de0c3b57f9664414058175868e2767c01ac07ead7b35,execution.broker_engine,True,0,0,0,0,0,0,8,0,0,0,0,0,0,PROTOTYPE,does not import in pinned env: TypeError: non-default argument 'position_size' follows default argument,IMPORT_ERROR,TypeError: non-default argument 'position_size' follows default argument
quantum-edge-terminal/execution/broker_engine/broker_connection.py,quantum-edge-terminal,.py,12149,379,b0a25c2e3b4f6d599e73cc67e516699b01e173f6e9537720d707d8b95ff136ed,execution.broker_engine.broker_connection,True,6,0,0,26,0,0,32,0,0,0,0,0,0,PROTOTYPE,does not import in pinned env: TypeError: non-default argument 'position_size' follows default argument,IMPORT_ERROR,TypeError: non-default argument 'position_size' follows default argument
quantum-edge-terminal/execution/execution_audit_log.py,quantum-edge-terminal,.py,16257,475,957f12a8f765db4a3f557ebc2d98ac24fd52e6dd91e4d980a074dfca4f6ae8ec,execution.execution_audit_log,True,7,3,0,0,0,0,3,0,0,0,0,0,0,PROTOTYPE,does not import in pinned env: TypeError: non-default argument 'position_size' follows default argument,IMPORT_ERROR,TypeError: non-default argument 'position_size' follows default argument
quantum-edge-terminal/execution/execution_engine/__init__.py,quantum-edge-terminal,.py,266,14,7a5f5f642ed01ebd42f5a434ece0b21bdf3c4b5d54589c72a397fd98dd88e479,execution.execution_engine,True,0,0,0,0,0,0,0,0,0,0,0,0,0,PROTOTYPE,does not import in pinned env: TypeError: non-default argument 'position_size' follows default argument,IMPORT_ERROR,TypeError: non-default argument 'position_size' follows default argument
quantum-edge-terminal/execution/execution_engine/execution_engine.py,quantum-edge-terminal,.py,15031,404,f76e72295860ce39ac8466882defbe8a3be059c4140df50a41d5e4def456380d,execution.execution_engine.execution_engine,True,4,5,2,15,0,0,1,0,4,0,0,0,2,PROTOTYPE,does not import in pinned env: TypeError: non-default argument 'position_size' follows default argument,IMPORT_ERROR,TypeError: non-default argument 'position_size' follows default argument
quantum-edge-terminal/execution/execution_engine/websocket_stream.py,quantum-edge-terminal,.py,9008,264,982f03cb59ccb3230b9bdb445edd91882d6b0cdd817328ff93ff32e7b75b80d6,execution.execution_engine.websocket_stream,True,4,1,2,2,0,0,2,0,0,0,0,0,33,PROTOTYPE,does not import in pinned env: TypeError: non-default argument 'position_size' follows default argument,IMPORT_ERROR,TypeError: non-default argument 'position_size' follows default argument
quantum-edge-terminal/execution/execution_kill_switch.py,quantum-edge-terminal,.py,12597,347,9030ba58f0e6ceb81cc7bde736ad944f82dedaa404e3a4193ee9f6d38ce4e0f5,execution.execution_kill_switch,True,4,1,0,0,0,0,0,0,0,0,0,0,0,PROTOTYPE,does not import in pinned env: TypeError: non-default argument 'position_size' follows default argument,IMPORT_ERROR,TypeError: non-default argument 'position_size' follows default argument
quantum-edge-terminal/execution/order_manager/__init__.py,quantum-edge-terminal,.py,218,5,4fdca19802253ea2c7be2409b0c67b34e67e60992daa337c5ab9a94a215eb16c,execution.order_manager,True,0,0,0,0,0,0,3,0,0,0,0,0,0,PROTOTYPE,does not import in pinned env: TypeError: non-default argument 'position_size' follows default argument,IMPORT_ERROR,TypeError: non-default argument 'position_size' follows default argument
quantum-edge-terminal/execution/order_manager/order_manager.py,quantum-edge-terminal,.py,13828,432,15d902eb6e9b16c1c93df020b6403fd1f08c010cdb88ba86000deb1eff57950c,execution.order_manager.order_manager,True,4,0,0,5,0,0,55,0,5,0,0,0,0,PROTOTYPE,does not import in pinned env: TypeError: non-default argument 'position_size' follows default argument,IMPORT_ERROR,TypeError: non-default argument 'position_size' follows default argument
quantum-edge-terminal/execution/risk_engine/__init__.py,quantum-edge-terminal,.py,206,5,713b2ad50748c483335fe6949e16fb83cd109d6c2edc153897022f79299281a8,execution.risk_engine,True,0,0,0,0,0,0,0,0,0,0,0,0,0,PROTOTYPE,does not import in pinned env: TypeError: non-default argument 'position_size' follows default argument,IMPORT_ERROR,TypeError: non-default argument 'position_size' follows default argument
quantum-edge-terminal/execution/risk_engine/risk_engine.py,quantum-edge-terminal,.py,16147,466,474ebfe683f2ed1bd671b7135d04b5d212bba4a7f67945b69b616621f19d6f38,execution.risk_engine.risk_engine,True,4,5,0,10,0,0,0,0,0,0,0,0,0,PROTOTYPE,does not import in pinned env: TypeError: non-default argument 'position_size' follows default argument,IMPORT_ERROR,TypeError: non-default argument 'position_size' follows default argument
quantum-edge-terminal/execution/shadow_execution_comparator.py,quantum-edge-terminal,.py,12813,348,70b2ff414af8db83348f807800662324fae879a6fa2c64fb496cbfd012cb9389,execution.shadow_execution_comparator,True,4,3,0,0,0,0,0,0,0,0,0,0,0,PROTOTYPE,does not import in pinned env: TypeError: non-default argument 'position_size' follows default argument,IMPORT_ERROR,TypeError: non-default argument 'position_size' follows default argument
quantum-edge-terminal/execution/staged_capital_deployment.py,quantum-edge-terminal,.py,13107,362,eb11a287075c69e766667fa088182c683443b2732dc1178b9a6ca937a7a536bd,execution.staged_capital_deployment,True,5,3,0,5,1,0,0,0,0,0,0,0,0,PROTOTYPE,does not import in pinned env: TypeError: non-default argument 'position_size' follows default argument,IMPORT_ERROR,TypeError: non-default argument 'position_size' follows default argument
quantum-edge-terminal/frontend/.env.example,quantum-edge-terminal,.example,232,7,f0d2f6687f0ddc0d232d73cbb147df7b7803664b8ef590c9bd4409aa1850eb09,,,0,0,0,0,0,0,0,0,0,0,0,0,0,SCAFFOLD,example/demo script,,
quantum-edge-terminal/frontend/Dockerfile,quantum-edge-terminal,Dockerfile,185,13,bd160c101a044978ac390974979d794e35da59c669af52e8a76393814a14188a,,,0,0,0,0,0,0,0,0,0,0,0,0,0,SCAFFOLD,infra/config file,,
quantum-edge-terminal/frontend/package.json,quantum-edge-terminal,.json,739,31,4010c1447a9e9af2203b81b16bc06402f4fd175f3805020bbd24f089463164fb,,,0,0,0,0,0,0,0,0,0,0,0,0,0,SCAFFOLD,config/editor json,,
quantum-edge-terminal/frontend/src/app/globals.css,quantum-edge-terminal,.css,1477,74,c32051c57d5d8930491c98ff5c667688aa498a2acfece699085dda4f2f781494,,,0,0,0,0,0,0,0,0,0,0,0,0,0,IMPLEMENTED_UNVERIFIED,TS/UI source; no tests in subtree,,
quantum-edge-terminal/frontend/src/app/layout.tsx,quantum-edge-terminal,.tsx,402,21,88bb1de93856051002b806a4f1ad57860634f85a5f7259fd2db1946669655ddd,,,0,0,0,0,0,0,0,0,0,0,0,0,0,IMPLEMENTED_UNVERIFIED,TS/UI source; no tests in subtree,,
quantum-edge-terminal/frontend/src/app/page.tsx,quantum-edge-terminal,.tsx,3792,110,da5e25d7171595c56ed9f28f23f4dfc1d423d382ace7bd02ff13e798a2f8f68d,,,0,0,0,0,0,0,0,0,0,0,0,0,2,IMPLEMENTED_UNVERIFIED,TS/UI source; no tests in subtree,,
quantum-edge-terminal/frontend/src/components/panels/AlertsPanel.tsx,quantum-edge-terminal,.tsx,2224,72,e5f167343631af4c2c84986e500612ed6f57be887409342237e924e4be6bcb3e,,,0,0,1,0,0,0,0,0,0,0,0,0,1,IMPLEMENTED_UNVERIFIED,TS/UI source; no tests in subtree,,
quantum-edge-terminal/frontend/src/components/panels/ChartPanel.tsx,quantum-edge-terminal,.tsx,2244,79,1892eac3ead01780be641ccc83c6745f6c227a0b461bb1fe5b6556ef65d0e233,,,0,0,1,0,0,0,0,0,0,0,0,0,1,IMPLEMENTED_UNVERIFIED,TS/UI source; no tests in subtree,,
quantum-edge-terminal/frontend/src/components/panels/SignalsPanel.tsx,quantum-edge-terminal,.tsx,2483,80,55d0b723d8196e9a23036fa643b8d51294c00e89c450eec48f5446d1b3619789,,,0,0,1,0,0,0,0,0,0,0,0,0,1,IMPLEMENTED_UNVERIFIED,TS/UI source; no tests in subtree,,
quantum-edge-terminal/frontend/src/hooks/useWebSocket.ts,quantum-edge-terminal,.ts,1135,51,eebda1c5a6be96c82a1411e6e739d3dfcce6ed067c7c3eb6b166607e788f48f7,,,0,0,0,0,0,0,0,0,0,0,0,0,12,IMPLEMENTED_UNVERIFIED,TS/UI source; no tests in subtree,,
quantum-edge-terminal/frontend/src/services/api.ts,quantum-edge-terminal,.ts,1086,37,89bca663fae3d53eeab6d9f68eb8dfea3916e278e956f7b02a89361979ca6592,,,0,0,0,0,0,0,0,0,0,0,0,0,0,IMPLEMENTED_UNVERIFIED,TS/UI source; no tests in subtree,,
quantum-edge-terminal/frontend/tailwind.config.ts,quantum-edge-terminal,.ts,591,27,6368764dc38ae2adf004ed5d709bb61b39c26ebc5be3e9654fcfc5a9fa3de1d5,,,0,0,0,0,0,0,0,0,0,0,0,0,0,IMPLEMENTED_UNVERIFIED,TS/UI source; no tests in subtree,,
quantum-edge-terminal/interface/__init__.py,quantum-edge-terminal,.py,122,5,4e081c7ab8b5c952fbeb7d3a232ff26220d1c20fc54d7bc53bed9d3292983117,interface,True,0,0,0,0,0,0,0,0,0,0,0,0,0,PROTOTYPE,does not import in pinned env: SyntaxError: f-string: single '}' is not allowed,IMPORT_ERROR,SyntaxError: f-string: single '}' is not allowed
quantum-edge-terminal/interface/alert_engine/__init__.py,quantum-edge-terminal,.py,216,16,9781609e17ac0345d8790b80bd7b0b10236628af019bc64ed53e0bcab525ca76,interface.alert_engine,True,0,0,0,0,0,0,0,0,0,0,0,0,0,PROTOTYPE,does not import in pinned env: SyntaxError: f-string: single '}' is not allowed,IMPORT_ERROR,SyntaxError: f-string: single '}' is not allowed
quantum-edge-terminal/interface/alert_engine/alert_engine.py,quantum-edge-terminal,.py,16128,503,effd44877790bba4268897de9dc84ca287cc736c8d666639b9e4d2770f65c3cc,interface.alert_engine.alert_engine,False,0,2,0,34,0,0,0,0,0,0,0,0,0,PROTOTYPE,does not import in pinned env: ast.parse failed,SYNTAX_ERROR,ast.parse failed
quantum-edge-terminal/learning/__init__.py,quantum-edge-terminal,.py,183,9,1d7b30a3c5515ef41d1cc921d4c263edb1b0e2511db3af5181f25509480dcd2a,learning,True,0,0,0,0,0,0,0,0,0,0,0,0,0,SCAFFOLD,package marker,OK,
quantum-edge-terminal/monitoring/__init__.py,quantum-edge-terminal,.py,295,10,6531c8cbdb75042d5a6239e5fd985417d1474a048cd585f70fc0be837aaeea22,monitoring,True,0,0,0,0,0,0,0,0,0,0,0,0,0,SCAFFOLD,package marker,OK,
quantum-edge-terminal/monitoring/execution_audit_report.py,quantum-edge-terminal,.py,19408,544,0ac1d3680b90f87beb1beeb756788f2eccf92c20c96de867d4a8657869bf1bd1,monitoring.execution_audit_report,True,4,11,0,1,0,0,2,0,0,0,0,0,0,IMPLEMENTED_UNVERIFIED,python source; runtime status merged from import sweep,OK,
quantum-edge-terminal/observability/__init__.py,quantum-edge-terminal,.py,728,33,799f7468c90afef6f59f52ebd87de9fde85f8b5e81d5c562adb454314f76a0e8,observability,True,0,0,0,0,0,0,0,0,0,0,0,0,0,PROTOTYPE,does not import in pinned env: ModuleNotFoundError: No module named 'opentelemetry.exporter.jaeger',IMPORT_ERROR,ModuleNotFoundError: No module named 'opentelemetry.exporter.jaeger'
quantum-edge-terminal/observability/execution_instrumenter.py,quantum-edge-terminal,.py,15132,452,7d68da5869569dbd1362526b5500a5a88602e821c9801718c98923e5806796e8,observability.execution_instrumenter,True,2,6,5,0,0,0,2,0,0,0,0,0,0,PROTOTYPE,does not import in pinned env: ModuleNotFoundError: No module named 'opentelemetry.exporter.jaeger',IMPORT_ERROR,ModuleNotFoundError: No module named 'opentelemetry.exporter.jaeger'
quantum-edge-terminal/observability/runtime_api.py,quantum-edge-terminal,.py,9402,313,a4657d7f319f909482efdb534127b2726b88638cdd69a9506d262caa6aa2359b,observability.runtime_api,True,9,0,2,0,0,0,0,0,0,0,0,0,0,PROTOTYPE,does not import in pinned env: ModuleNotFoundError: No module named 'opentelemetry.exporter.jaeger',IMPORT_ERROR,ModuleNotFoundError: No module named 'opentelemetry.exporter.jaeger'
quantum-edge-terminal/observability/telemetry_config.py,quantum-edge-terminal,.py,16037,447,55ce0ed3989406573eb02b4725ae900e096d51a215ba5d3fb376660e6529ee01,observability.telemetry_config,True,10,0,1,0,0,0,0,0,0,0,0,0,0,PROTOTYPE,does not import in pinned env: ModuleNotFoundError: No module named 'opentelemetry.exporter.jaeger',IMPORT_ERROR,ModuleNotFoundError: No module named 'opentelemetry.exporter.jaeger'
quantum-edge-terminal/production/PHASE8_PRODUCTION_EXAMPLE.py,quantum-edge-terminal,.py,12694,339,9523a8316b8db4e4745ffa9fffd0c1462da1c243b6629b8c0a0c2cae008ea356,production.PHASE8_PRODUCTION_EXAMPLE,True,2,0,0,0,0,0,8,0,0,2,0,0,1,PROTOTYPE,does not import in pinned env: TypeError: non-default argument 'position_size' follows default argument,IMPORT_ERROR,TypeError: non-default argument 'position_size' follows default argument
quantum-edge-terminal/production/__init__.py,quantum-edge-terminal,.py,4089,164,347638ae41e838a5fde2b8ce66102a9431e9bcb03c0f56061793fadc978dac47,production,True,0,0,0,0,0,0,16,0,0,0,0,0,1,PROTOTYPE,does not import in pinned env: TypeError: non-default argument 'position_size' follows default argument,IMPORT_ERROR,TypeError: non-default argument 'position_size' follows default argument
quantum-edge-terminal/production/deployment_gate_controller.py,quantum-edge-terminal,.py,13040,366,9d7983113260ee61f1fed536473f2e2c1b7e6a936b249f9eca644e79ac3f5c11,production.deployment_gate_controller,True,4,3,0,0,0,0,6,0,0,0,0,0,0,PROTOTYPE,does not import in pinned env: TypeError: non-default argument 'position_size' follows default argument,IMPORT_ERROR,TypeError: non-default argument 'position_size' follows default argument
quantum-edge-terminal/production/live_broker_connector.py,quantum-edge-terminal,.py,10272,335,e9be5504056c1544fb7d78a69dac9d52417e42d40fd6384cbcaa5045688040cd,production.live_broker_connector,True,5,2,2,0,2,0,30,0,0,0,0,0,0,PROTOTYPE,does not import in pinned env: TypeError: non-default argument 'position_size' follows default argument,IMPORT_ERROR,TypeError: non-default argument 'position_size' follows default argument
quantum-edge-terminal/production/market_data_streamer.py,quantum-edge-terminal,.py,9963,331,9c88c8ac2f449eb1404f2edd4c108c8ba2fea9e128446c497a3bcd2d2cf59d86,production.market_data_streamer,True,5,1,3,0,4,0,10,0,0,0,0,0,3,PROTOTYPE,does not import in pinned env: TypeError: non-default argument 'position_size' follows default argument,IMPORT_ERROR,TypeError: non-default argument 'position_size' follows default argument
quantum-edge-terminal/production/performance_monitor.py,quantum-edge-terminal,.py,11940,330,cf8fdebb42a2b66e3d5030dced8a1dfd7257a6792ba205be9a777fe9ae6c7f87,production.performance_monitor,True,5,3,0,8,0,0,0,0,0,0,0,0,0,PROTOTYPE,does not import in pinned env: TypeError: non-default argument 'position_size' follows default argument,IMPORT_ERROR,TypeError: non-default argument 'position_size' follows default argument
quantum-edge-terminal/production/production_runner.py,quantum-edge-terminal,.py,17238,523,ee50de81d8e8e3e307f2bde02381ff6456d83ade8dc465fcfbef8303655a4c19,production.production_runner,True,3,3,1,0,23,0,11,0,0,0,0,0,0,PROTOTYPE,does not import in pinned env: TypeError: non-default argument 'position_size' follows default argument,IMPORT_ERROR,TypeError: non-default argument 'position_size' follows default argument
quantum-edge-terminal/services/PHASE4_ARCHITECTURE.md,quantum-edge-terminal,.md,22854,527,2b49904e06e2271c5c9218bed30eadb44d20e429915a2f2cc986acbc0477c52a,,,0,0,0,0,0,0,3,0,1,0,0,0,23,DOCUMENTED_ONLY,documentation (L0),,
quantum-edge-terminal/services/PHASE4_DEMO.py,quantum-edge-terminal,.py,22720,580,2a81a3fe8728a0fe6a42a7721feed9d6fb9e92116d28372ba8446973ad4985a7,services.PHASE4_DEMO,True,1,5,0,0,0,0,2,0,4,0,0,0,6,SCAFFOLD,example/demo script,OK,
quantum-edge-terminal/services/PHASE4_SAMPLE_OUTPUT.txt,quantum-edge-terminal,.txt,8448,296,0646b60403412118cd56cc3dd7bcfd3ea1c3f8347d174ea0237c71031b361076,,,0,0,0,0,0,0,1,0,2,0,0,0,3,DOCUMENTED_ONLY,status/claim document using completion vocabulary (L0 claim),,
quantum-edge-terminal/services/ai_engine/modules/options_flow.py,quantum-edge-terminal,.py,16580,479,40b9879a69752f22c57392f207b9bb2b0f781ab055b43fbbf2ffca1adf2ea7e2,services.ai_engine.modules.options_flow,True,7,5,0,0,0,0,0,0,0,0,0,0,0,IMPLEMENTED_UNVERIFIED,python source; runtime status merged from import sweep,OK,
quantum-edge-terminal/services/order_manager/order_manager.py,quantum-edge-terminal,.py,19420,577,04ac42ba1cde230ed8d1f2fa082bcb980b01b18f44cd8a12fea2d5a36966ade8,services.order_manager.order_manager,True,4,0,0,7,0,0,60,0,5,0,0,0,0,PROTOTYPE,does not import in pinned env: ModuleNotFoundError: No module named 'broker_connection',IMPORT_ERROR,ModuleNotFoundError: No module named 'broker_connection'
quantum-edge-terminal/setup.sh,quantum-edge-terminal,.sh,2273,77,23e0f09395702d6bdb8589afff38d6f57a1d678e5ae3d7dc62141fd0373cc1be,,,0,0,0,0,0,0,0,0,0,0,0,0,1,SCAFFOLD,infra/config file,,
quantum-edge-terminal/storage/__init__.py,quantum-edge-terminal,.py,123,5,7f21a2a3fa8e877425b635c8fc22fcd516348c7623113895e0deb7b41321a009,storage,True,0,0,0,0,0,0,0,0,0,0,0,0,0,SCAFFOLD,package marker,OK,
quantum-edge-terminal/storage/trade_journal/__init__.py,quantum-edge-terminal,.py,228,14,a001cfd373d14ac77f93c294a166fbbb82ff4efd5d66fb54eb8040ac22498676,storage.trade_journal,True,0,0,0,0,0,0,0,0,0,0,0,0,0,SCAFFOLD,package marker,OK,
quantum-edge-terminal/storage/trade_journal/trade_journal.py,quantum-edge-terminal,.py,15038,431,c2f6000e5b14a19744650893548d5c0c3bd33b113867dc1eb516e426ecc113aa,storage.trade_journal.trade_journal,True,4,9,0,2,1,0,0,0,0,0,0,0,0,IMPLEMENTED_UNVERIFIED,python source; runtime status merged from import sweep,OK,
quantum-edge-terminal/tests/test_execution_instrumentation.py,quantum-edge-terminal,.py,35317,1024,5b6b11a0ddf589837bffc40bd92425cc231c2a75c42e7acafd2fb7b5a093f55a,tests.test_execution_instrumentation,True,11,11,0,0,0,0,0,0,0,0,0,0,0,PROTOTYPE,does not import in pinned env: ModuleNotFoundError: No module named 'opentelemetry.exporter.jaeger',IMPORT_ERROR,ModuleNotFoundError: No module named 'opentelemetry.exporter.jaeger'
quantum-edge-terminal/tests/test_execution_instrumentation_perfect.py,quantum-edge-terminal,.py,21888,623,ab8a9c4196119e9b57d98b31d8c1b80e70c7646acd490bbb6a363b9d2bfef023,tests.test_execution_instrumentation_perfect,True,11,0,0,0,0,0,1,0,0,0,0,0,0,PROTOTYPE,does not import in pinned env: ModuleNotFoundError: No module named 'opentelemetry.exporter.jaeger',IMPORT_ERROR,ModuleNotFoundError: No module named 'opentelemetry.exporter.jaeger'
quantum-edge-terminal/tests/test_phase_8_5_integration.py,quantum-edge-terminal,.py,19072,585,724a3df7451c60f7a1df224daefcef103dc8ac2963f98b8949ccce293527df87,tests.test_phase_8_5_integration,True,6,6,0,0,0,0,0,0,0,0,0,0,0,PROTOTYPE,does not import in pinned env: TypeError: non-default argument 'position_size' follows default argument,IMPORT_ERROR,TypeError: non-default argument 'position_size' follows default argument
quantum-edge-terminal/tradingview_bridge_adapter.py,quantum-edge-terminal,.py,14273,415,180f24ddcb7bba077ba911d9816f077d9a4358c71cd3125fa5fa6639069b75a4,tradingview_bridge_adapter,True,5,2,2,11,0,0,10,4,0,0,0,5,0,IMPLEMENTED_UNVERIFIED,python source; runtime status merged from import sweep,OK,
quantum-edge-terminal/tradingview_institutional_smart_blend_plus.pine,quantum-edge-terminal,.pine,16747,356,597eec5cc318e5ac85cb13a73f829938408c8d07947ad3f85de3afd99fdbdb3e,,,0,0,0,0,0,0,0,0,0,0,0,13,0,PROTOTYPE,"TradingView Pine script: not executable in repo, no parity tests",,
quantum-edge-terminal/tradingview_institutional_smart_blend_plus_CLEAN.pine,quantum-edge-terminal,.pine,7397,205,194ebc62c14ccc38178eaadcff33f8429f06e7613a0c9ac609fd266c51aa7c12,,,0,0,0,0,0,0,0,0,0,0,0,4,0,PROTOTYPE,"TradingView Pine script: not executable in repo, no parity tests",,
quantum-edge-terminal/tradingview_ut_bot_institutional.pine,quantum-edge-terminal,.pine,11500,300,d62542ad75ce86841039580f51092ee2cc4eb677708fbf4f1aa3a37a4b6b7178,,,0,0,0,0,0,0,0,0,0,0,0,7,0,PROTOTYPE,"TradingView Pine script: not executable in repo, no parity tests",,
quantum-edge-terminal/validation/PHASE7_INTEGRATION_EXAMPLE.py,quantum-edge-terminal,.py,14349,368,270167693a89b308833670a2d71d3ef7fbab0f9deba6d4e0e02679da2dfd25ce,validation.PHASE7_INTEGRATION_EXAMPLE,True,3,4,0,0,0,0,4,0,0,0,0,0,0,PROTOTYPE,does not import in pinned env: SyntaxError: invalid syntax,IMPORT_ERROR,SyntaxError: invalid syntax
quantum-edge-terminal/validation/PHASE7_STATUS.txt,quantum-edge-terminal,.txt,18085,464,7cb717a8ef0ae766cc8290a513ba089fe0e1c61d011bca2fa5a820eb652d90da,,,0,0,0,0,0,0,11,0,0,0,0,0,0,DOCUMENTED_ONLY,status/claim document using completion vocabulary (L0 claim),,
quantum-edge-terminal/validation/VALIDATION_EXAMPLE.py,quantum-edge-terminal,.py,7511,220,7e46e851e778877a9b7893a4c99a8254f41627284705691297bb58422f4cd20d,validation.VALIDATION_EXAMPLE,True,1,1,0,0,0,0,0,0,0,0,0,0,0,PROTOTYPE,does not import in pinned env: SyntaxError: invalid syntax,IMPORT_ERROR,SyntaxError: invalid syntax
quantum-edge-terminal/validation/__init__.py,quantum-edge-terminal,.py,1678,63,287300b23f2bce771be9d7f19ab172a644e9200ab518c014ae2a69aff38820d0,validation,True,0,0,0,0,0,0,0,0,0,0,0,0,0,PROTOTYPE,does not import in pinned env: SyntaxError: invalid syntax,IMPORT_ERROR,SyntaxError: invalid syntax
quantum-edge-terminal/validation/forward_test_engine/__init__.py,quantum-edge-terminal,.py,324,17,fd900e030c7ff946739ede165344352c4b0e2cdcb67eb66310020d3567270cd7,validation.forward_test_engine,True,0,0,0,0,0,0,0,0,0,0,0,0,0,PROTOTYPE,does not import in pinned env: SyntaxError: invalid syntax,IMPORT_ERROR,SyntaxError: invalid syntax
quantum-edge-terminal/validation/forward_test_engine/forward_test_engine.py,quantum-edge-terminal,.py,13487,426,7169689f11ba813066e6299f6f4382db604817d96b2016d6bf41c44d61d4fbd9,validation.forward_test_engine.forward_test_engine,True,5,4,0,14,0,0,1,0,0,0,0,0,0,PROTOTYPE,does not import in pinned env: SyntaxError: invalid syntax,IMPORT_ERROR,SyntaxError: invalid syntax
quantum-edge-terminal/validation/integration_bridge.py,quantum-edge-terminal,.py,17441,478,8d07dd6896327251fb93699ee69ec36d4b6f929ab4a345e86214ce5c9772e52a,validation.integration_bridge,True,5,3,0,4,3,0,7,0,0,0,0,0,0,PROTOTYPE,does not import in pinned env: SyntaxError: invalid syntax,IMPORT_ERROR,SyntaxError: invalid syntax
quantum-edge-terminal/validation/live_validation_runner.py,quantum-edge-terminal,.py,17745,496,196987e453fdff970ebd37e6fa37b0e739255abc301bab6301c6eba97de19c46,validation.live_validation_runner,True,2,4,0,6,6,0,1,0,0,0,0,0,0,PROTOTYPE,does not import in pinned env: SyntaxError: invalid syntax,IMPORT_ERROR,SyntaxError: invalid syntax
quantum-edge-terminal/validation/safety_controls/__init__.py,quantum-edge-terminal,.py,213,5,722ba2a4ee0b6d4077e18c99624c94d36a21fc57447e10ebde2f91a3b860fdbe,validation.safety_controls,True,0,0,0,0,0,0,0,0,0,0,0,0,0,PROTOTYPE,does not import in pinned env: SyntaxError: invalid syntax,IMPORT_ERROR,SyntaxError: invalid syntax
quantum-edge-terminal/validation/safety_controls/safety_controls.py,quantum-edge-terminal,.py,12210,392,afb11d254e000eeec29756a0304578e411199138b989ab14f92a752dfc34152d,validation.safety_controls.safety_controls,True,3,5,0,0,0,0,0,0,0,0,0,0,0,PROTOTYPE,does not import in pinned env: SyntaxError: invalid syntax,IMPORT_ERROR,SyntaxError: invalid syntax
quantum-edge-terminal/validation/scoring_engine/__init__.py,quantum-edge-terminal,.py,258,13,6b151a6e2e39fea15a380626667e0046069bc0c9af482905760e294f2c058881,validation.scoring_engine,True,0,0,0,0,0,0,0,0,0,0,0,0,0,PROTOTYPE,does not import in pinned env: SyntaxError: invalid syntax,IMPORT_ERROR,SyntaxError: invalid syntax
quantum-edge-terminal/validation/scoring_engine/institutional_scorecard.py,quantum-edge-terminal,.py,11850,400,7d7bf7f1575993d290e8913b9985253875b615eb679f34ef5268021fa64f1fe1,validation.scoring_engine.institutional_scorecard,True,5,0,0,1,0,0,0,0,0,0,0,0,0,PROTOTYPE,does not import in pinned env: SyntaxError: invalid syntax,IMPORT_ERROR,SyntaxError: invalid syntax
quantum-edge-terminal/validation/validation_orchestrator.py,quantum-edge-terminal,.py,28778,787,70b7d84d00a36e45b8282f6fc4ba906e47ac56e470944fb1f7205c75a631534a,validation.validation_orchestrator,False,0,6,0,0,1,0,1,0,0,0,0,0,0,PROTOTYPE,does not import in pinned env: ast.parse failed,SYNTAX_ERROR,ast.parse failed
quantum-edge-terminal/verify_instrumentation.py,quantum-edge-terminal,.py,5428,158,ad1174f81398aa9292bf31980bfdf685333a1a5c4d3965f33c93ee195accbafe,verify_instrumentation,True,0,1,5,0,0,0,0,0,0,0,0,0,0,IMPLEMENTED_UNVERIFIED,python source; runtime status merged from import sweep,SKIPPED_UNGUARDED_SCRIPT,
